Player Id,Name,Retired,Height (inches),Weight (lbs),First_Year,Experience,Total_Games,TD_INT,RUN_PASS,Completion_Percentage,Era,Yards_per_game,Sacks_per_game,TD_per_game,Ints_per_game,Rush_per_game
a.j.feeley/2504566,"Feeley, A.J.",1,75,216,2001,11,28,0.9032258064516129,0.01061065396275444,0.5577427821522309,2000-2010,164.92857142857142,1.5714285714285714,1,1.1071428571428572,1.75
aaronrodgers/2506363,"Rodgers, Aaron",0,74,225,2005,12,142,4.125,0.06907975126944904,0.6514923770667812,2000-2010,259.34507042253523,2.4014084507042255,2.091549295774648,0.5070422535211268,17.91549295774648
ajmccarron/2543497,"McCarron, AJ",0,75,220,2014,3,8,3,0.03629976580796253,0.6638655462184874,2010+,106.75,1.5,0.75,0.25,3.875
alanrisher/2524210,"Risher, Alan",1,74,190,1985,3,19,1,0.13120567375886524,0.5945945945945946,1980-1990,29.68421052631579,0.631578947368421,0.15789473684210525,0.15789473684210525,3.8947368421052633
alexsmith/2506340,"Smith, Alex",0,76,217,2005,12,141,1.7252747252747254,0.07462472168354521,0.617332035053554,2000-2010,197.48936170212767,2.50354609929078,1.1134751773049645,0.6453900709219859,14.73758865248227
alextanney/2534870,"Tanney, Alex",0,76,220,2013,4,1,1,0,0.7142857142857143,2010+,99,3,1,0,0
alexvanpelt/2503454,"Van Pelt, Alex",1,73,220,1993,11,31,0.6666666666666666,0.017755443886097153,0.549266247379455,1990-1999,96.29032258064517,0.6129032258064516,0.5161290322580645,0.7741935483870968,1.7096774193548387
andreware/2503535,"Ware, Andre",1,74,205,1990,4,14,0.625,0.19514388489208634,0.515527950310559,1990-1999,79.42857142857143,1.9285714285714286,0.35714285714285715,0.5714285714285714,15.5
andrewluck/2533031,"Luck, Andrew",0,76,240,2012,5,70,1.9411764705882353,0.07558444281371213,0.5922293474160694,2010+,272.54285714285714,2.2285714285714286,1.8857142857142857,0.9714285714285714,20.6
andrewwalter/2506408,"Walter, Andrew",1,78,230,2005,4,15,0.1875,0.02553413236060448,0.5225225225225225,2000-2010,127.93333333333334,3.4,0.2,1.0666666666666667,3.2666666666666666
andydalton/2495143,"Dalton, Andy",0,74,220,2011,6,93,1.7530864197530864,0.04276582335464122,0.6274509803921569,2010+,238.86021505376345,1.946236559139785,1.5268817204301075,0.8709677419354839,10.21505376344086
archiemanning/2520076,"Manning, Archie",1,75,212,1971,14,148,0.7218934911242604,0.0892735624362028,0.5527414416921792,1970-1980,158.86486486486487,2.6283783783783785,0.8243243243243243,1.1418918918918919,14.182432432432432
artschlichter/2525042,"Schlichter, Art",1,75,210,1982,4,13,0.2727272727272727,0.16003976143141152,0.4504950495049505,1980-1990,77.38461538461539,2.1538461538461537,0.23076923076923078,0.8461538461538461,12.384615384615385
babelaufenberg/2519150,"Laufenberg, Babe",1,74,198,1983,8,16,0.45454545454545453,0.11920529801324503,0.44075829383886256,1980-1990,66.0625,1.375,0.3125,0.6875,7.875
benroethlisberger/2506109,"Roethlisberger, Ben",0,77,240,2004,13,185,1.88125,0.02574016319904302,0.641267700606878,2000-2010,253.04864864864865,2.464864864864865,1.627027027027027,0.8648648648648649,6.513513513513513
berniekosar/2501648,"Kosar, Bernie",1,77,214,1985,12,125,1.441860465116279,0.01125394970350171,0.5937405958471261,1980-1990,184.824,2.16,0.992,0.688,2.08
billcappleman/2511038,"Cappleman, Bill",1,75,210,1970,4,8,0,-0.024390243902439025,0.5,1970-1980,10.25,0,0,0.125,-0.25
billkenney/2518350,"Kenney, Bill",1,76,211,1979,10,105,1.2209302325581395,0.011055160039358684,0.5473251028806584,1970-1980,164.54285714285714,1.8571428571428572,1,0.819047619047619,1.819047619047619
billnelsen/2522007,"Nelsen, Bill",1,72,195,1970,3,30,0.6904761904761905,-0.005199306759098787,0.5186846038863976,1970-1980,153.86666666666667,1.1,0.9666666666666667,1.4,-0.8
billyjoetolliver/2503371,"Tolliver, Billy Joe",1,73,217,1989,12,79,0.921875,0.02973977695167286,0.5219683655536028,1980-1990,136.20253164556962,1.5822784810126582,0.7468354430379747,0.810126582278481,4.050632911392405
billykilmer/2518441,"Kilmer, Billy",1,72,204,1970,9,93,1.2183908045977012,0.009306756558698519,0.5364138623807132,1970-1980,146.7311827956989,1.4408602150537635,1.1397849462365592,0.9354838709677419,1.3655913978494623
billyvolek/2503939,"Volek, Billy",1,74,214,2000,12,39,1.8,0.007458710708577517,0.6007130124777184,2000-2010,96.25641025641026,1.2564102564102564,0.6923076923076923,0.38461538461538464,0.717948717948718
blainegabbert/2495441,"Gabbert, Blaine",0,76,235,2011,6,43,1.027027027027027,0.07468371650115631,0.5595432300163132,2010+,170.95348837209303,2.558139534883721,0.8837209302325582,0.8604651162790697,12.767441860465116
blairkiel/2501608,"Kiel, Blair",1,72,200,1984,8,25,1.1428571428571428,0.08101851851851852,0.5595854922279793,1980-1990,51.84,0.6,0.32,0.28,4.2
blakebortles/2543477,"Bortles, Blake",0,77,239,2014,3,46,1.3529411764705883,0.09678854194466685,0.5879249706916765,2010+,244.3695652173913,3.0434782608695654,1.5,1.108695652173913,23.652173913043477
bobbyscott/2525221,"Scott, Bobby",1,73,201,1972,11,41,0.5357142857142857,0.02660913340524991,0.474,1970-1980,67.82926829268293,1.2439024390243902,0.36585365853658536,0.6829268292682927,1.8048780487804879
bobdavis/2512622,"Davis, Bob",1,74,205,1970,4,30,1.0909090909090908,0.2530562347188264,0.3954802259887006,1970-1980,27.266666666666666,0.8333333333333334,0.4,0.36666666666666664,6.9
bobgagliano/2500736,"Gagliano, Bob",1,75,205,1981,15,32,0.6296296296296297,0.10259399591955698,0.5123456790123457,1980-1990,107.21875,1.5625,0.53125,0.84375,11
boblee/2519294,"Lee, Bob",1,74,195,1970,11,63,0.725,0.03794147325933401,0.502086230876217,1970-1980,78.65079365079364,1.4761904761904763,0.4603174603174603,0.6349206349206349,2.984126984126984
boomeresiason/2500562,"Esiason, Boomer",1,77,224,1984,14,187,1.3423913043478262,0.042141350210970464,0.5704130643611912,1980-1990,202.7807486631016,1.7005347593582887,1.320855614973262,0.983957219251337,8.545454545454545
bradgoebel/2500825,"Goebel, Brad",1,75,214,1991,5,7,0,0.006688963210702341,0.5423728813559322,1990-1999,42.714285714285715,0.8571428571428571,0,0.8571428571428571,0.2857142857142857
bradjohnson/2501411,"Johnson, Brad",1,77,235,1992,17,177,1.360655737704918,0.022613065326633167,0.6167360147942672,1990-1999,164.14689265536722,1.4180790960451977,0.9378531073446328,0.6892655367231638,3.711864406779661
bradyquinn/2495714,"Quinn, Brady",1,75,235,2007,7,24,0.7058823529411765,0.060795267827801515,0.5381818181818182,2000-2010,126.79166666666667,1.7083333333333333,0.5,0.7083333333333334,7.708333333333333
brandonweeden/2532970,"Weeden, Brandon",0,76,230,2012,5,34,1.0333333333333334,0.031104921077065924,0.5792746113989637,2010+,190.05882352941177,1.9411764705882353,0.9117647058823529,0.8823529411764706,5.911764705882353
brettbasanez/2495803,"Basanez, Brett",1,73,208,2006,4,1,0,0.03571428571428571,0.5454545454545454,2000-2010,56,0,0,1,2
brettfavre/2500606,"Favre, Brett",1,74,222,1991,20,302,1.5119047619047619,0.025668866059745537,0.6195299439472908,1990-1999,237.87417218543047,1.7384105960264902,1.6821192052980132,1.1125827814569536,6.105960264900662
brettratliff/2507276,"Ratliff, Brett",1,76,224,2008,3,0,0,0,NA,2000-2010,NA,NA,NA,NA,NA
brianhoyer/81294,"Hoyer, Brian",0,74,215,2009,8,49,1.6923076923076923,0.013592007434944238,0.5954962468723937,2000-2010,175.6734693877551,1.3265306122448979,0.8979591836734694,0.5306122448979592,2.3877551020408165
brianransom/2523747,"Ransom, Brian",1,75,205,1983,3,0,0,0,NA,1980-1990,NA,NA,NA,NA,NA
brockosweiler/2533436,"Osweiler, Brock",0,80,235,2012,5,36,1.1818181818181819,0.035608892386385996,0.5987730061349693,2010+,141.19444444444446,1.4444444444444444,0.7222222222222222,0.6111111111111112,5.027777777777778
browningnagle/2502257,"Nagle, Browning",1,75,220,1991,6,24,0.4,0.027320208919244676,0.4874141876430206,1990-1999,103.70833333333333,1.5,0.3333333333333333,0.8333333333333334,2.8333333333333335
brucemathison/2520334,"Mathison, Bruce",1,75,205,1983,5,18,0.35,0.11254019292604502,0.4919093851132686,1980-1990,120.94444444444444,1.5555555555555556,0.3888888888888889,1.1111111111111112,13.61111111111111
buckyrichardson/2502648,"Richardson, Bucky",1,73,228,1992,3,16,1,0.17899761336515513,0.5243243243243243,1990-1999,78.5625,1.5625,0.375,0.375,14.0625
byronleftwich/2505673,"Leftwich, Byron",1,77,250,2003,10,60,1.380952380952381,0.03940372199012533,0.5794392523364486,2000-2010,175.53333333333333,1.5333333333333334,0.9666666666666667,0.7,6.916666666666667
calebhanie/2507385,"Hanie, Caleb",1,74,235,2008,6,10,0.3,0.14285714285714285,0.5086206896551724,2000-2010,67.9,2.1,0.3,1,9.7
camnewton/2495455,"Newton, Cam",0,77,245,2011,6,93,1.7435897435897436,0.16378835201175823,0.5840163934426229,2010+,234.10752688172042,2.3763440860215055,1.4623655913978495,0.8387096774193549,38.344086021505376
carsonpalmer/2505245,"Palmer, Carson",0,77,235,2003,14,175,1.5833333333333333,0.01043619688721227,0.6253311258278146,2000-2010,252.96571428571428,1.8171428571428572,1.6285714285714286,1.0285714285714285,2.64
casekeenum/2532888,"Keenum, Case",0,73,205,2013,4,26,1.2,0.031202143950995406,0.5842985842985843,2010+,200.92307692307693,1.8846153846153846,0.9230769230769231,0.7692307692307693,6.269230769230769
caseyweldon/2503589,"Weldon, Casey",1,73,206,1993,7,26,0.25,0,0.5,1990-1999,27.423076923076923,0.46153846153846156,0.038461538461538464,0.15384615384615385,0
chadhenne/252,"Henne, Chad",0,75,219,2008,9,65,0.9206349206349206,0.027840074240197975,0.5931422722620266,2000-2010,198.93846153846152,2.292307692307692,0.8923076923076924,0.9692307692307692,5.538461538461538
chadpennington/2504181,"Pennington, Chad",1,75,225,2000,11,89,1.59375,0.026089883857936376,0.660461351679482,2000-2010,200.25842696629215,1.8202247191011236,1.146067415730337,0.7191011235955056,5.224719101123595
chandlerharnish/2532856,"Harnish, Chandler",1,74,222,2012,3,0,0,0,NA,2010+,NA,NA,NA,NA,NA
charleyjohnson/2517588,"Johnson, Charley",1,73,200,1970,6,74,0.8656716417910447,0.0021233795261510952,0.5258215962441315,1970-1980,120.91891891891892,1.3783783783783783,0.7837837837837838,0.9054054054054054,0.25675675675675674
charliebatch/2499567,"Batch, Charlie",1,74,216,1998,15,80,1.1730769230769231,0.057465042850699144,0.5660847880299252,1990-1999,138.5625,2.0125,0.7625,0.65,7.9625
chasedaniel/81284,"Daniel, Chase",0,72,225,2009,8,56,1,0.19791666666666666,0.6538461538461539,2000-2010,8.571428571428571,0.125,0.017857142857142856,0.017857142857142856,1.6964285714285714
chrischandler/2500048,"Chandler, Chris",1,76,224,1988,17,180,1.1643835616438356,0.04599073163881477,0.5812734082397004,1980-1990,158.24444444444444,2.111111111111111,0.9444444444444444,0.8111111111111111,7.277777777777778
chrisredman/2504314,"Redman, Chris",1,75,225,2000,12,30,1.5,0.007864108210128971,0.572,2000-2010,105.96666666666667,1.1333333333333333,0.7,0.4666666666666667,0.8333333333333334
christianponder/2495215,"Ponder, Christian",0,74,230,2011,6,38,1.0555555555555556,0.09597476719735656,0.597918637653737,2010+,175.21052631578948,2.5,1,0.9473684210526315,16.81578947368421
chrisweinke/2504686,"Weinke, Chris",1,76,232,2001,7,29,0.5769230769230769,0.03790983606557377,0.5444287729196051,2000-2010,134.6206896551724,1.6206896551724137,0.5172413793103449,0.896551724137931,5.103448275862069
cleolemon/2504793,"Lemon, Cleo",1,74,215,2004,5,15,1.1428571428571428,0.04851258581235698,0.5567282321899736,2000-2010,145.66666666666666,2,0.5333333333333333,0.4666666666666667,7.066666666666666
cliffolander/2522428,"Olander, Cliff",1,77,191,1977,5,15,0,0.216,0.5,1970-1980,8.333333333333334,0.2,0,0.2,1.8
codycarlson/2499989,"Carlson, Cody",1,75,202,1987,8,45,0.75,0.048556724099351085,0.5614567526555387,1980-1990,99.31111111111112,1.2,0.4666666666666667,0.6222222222222222,4.822222222222222
colinkaepernick/2495186,"Kaepernick, Colin",0,76,230,2011,6,69,2.4,0.18743378697742646,0.5975177304964538,2010+,177.84057971014494,2.4782608695652173,1.0434782608695652,0.43478260869565216,33.333333333333336
coltmccoy/497123,"McCoy, Colt",0,73,215,2010,7,35,1.1304347826086956,0.07518796992481203,0.6033254156769596,2010+,159.6,2.2,0.7428571428571429,0.6571428571428571,12
corysauter/2502842,"Sauter, Cory",1,76,216,1999,5,1,0,0.13559322033898305,0.6666666666666666,2000-2010,59,0,0,0,8
craigerickson/2500559,"Erickson, Craig",1,74,213,1992,8,52,1.0789473684210527,0.026360655737704918,0.5412087912087912,1990-1999,146.6346153846154,1.5769230769230769,0.7884615384615384,0.7307692307692307,3.8653846153846154
craignall/2505146,"Nall, Craig",1,75,245,2002,7,7,5,0.02736318407960199,0.625,2000-2010,57.42857142857143,0.42857142857142855,0.7142857142857143,0,1.5714285714285714
craigpenrose/2522986,"Penrose, Craig",1,75,211,1976,5,18,0.4166666666666667,0.029535864978902954,0.4700854700854701,1970-1980,39.5,0.2777777777777778,0.2777777777777778,0.6666666666666666,1.1666666666666667
craigwhelihan/2503609,"Whelihan, Craig",1,77,220,1995,4,19,0.4827586206896552,0.02120253164556962,0.4793536804308797,1990-1999,166.31578947368422,1.894736842105263,0.7368421052631579,1.5263157894736843,3.526315789473684
curtispainter/81300,"Painter, Curtis",1,76,230,2009,5,14,0.46153846153846156,0.06484235574063058,0.5156794425087108,2000-2010,120.07142857142857,1.4285714285714286,0.42857142857142855,0.9285714285714286,7.785714285714286
danfouts/2514293,"Fouts, Dan",1,75,204,1973,15,180,1.049792531120332,0.010721361146719496,0.5885826771653543,1970-1980,238.36111111111111,1.7722222222222221,1.4055555555555554,1.3388888888888888,2.5555555555555554
danmanucci/2520096,"Manucci, Dan",1,74,196,1979,9,19,0,0.26515151515151514,0.4444444444444444,1970-1980,6.947368421052632,0.42105263157894735,0,0.10526315789473684,1.8421052631578947
danmarino/2501869,"Marino, Dan",1,76,228,1983,17,242,1.6666666666666667,0.0014178386923290038,0.5942809284517827,1980-1990,253.55785123966942,1.115702479338843,1.7355371900826446,1.0413223140495869,0.359504132231405
dannykanell/2501560,"Kanell, Danny",1,75,218,1996,9,42,0.9090909090909091,0.008264462809917356,0.5125136017410229,1990-1999,118.11904761904762,1.3571428571428572,0.7142857142857143,0.7857142857142857,0.9761904761904762
danorlovsky/2506481,"Orlovsky, Dan",0,77,215,2005,12,26,1.1538461538461537,0.010855683269476373,0.58203125,2000-2010,120.46153846153847,1.1153846153846154,0.5769230769230769,0.5,1.3076923076923077
danpastorini/2522826,"Pastorini, Dan",1,74,208,1971,13,139,0.639751552795031,0.036997029435592764,0.509328968903437,1970-1980,133.20143884892087,1.7697841726618706,0.7410071942446043,1.158273381294964,4.928057553956834
darylelamonica/2519016,"Lamonica, Daryle",1,75,215,1970,5,48,1.0392156862745099,0.009850599244787392,0.4964871194379391,1970-1980,126.89583333333333,1.1041666666666667,1.1041666666666667,1.0625,1.25
davelewis/2519428,"Lewis, Dave",1,74,216,1970,4,56,0,0.38596491228070173,0.42857142857142855,1970-1980,1.0178571428571428,0.07142857142857142,0,0,0.39285714285714285
davemays/2520441,"Mays, Dave",1,73,204,1976,3,12,0.6363636363636364,0.017075773745997867,0.5128205128205128,1970-1980,78.08333333333333,0.75,0.5833333333333334,0.9166666666666666,1.3333333333333333
daveragone/2505594,"Ragone, Dave",1,75,221,2003,3,2,0,0.37777777777777777,0.5,2000-2010,67.5,4,0,0.5,25.5
davidarcher/2499447,"Archer, David",1,74,200,1984,9,54,0.6296296296296297,0.1612593126652247,0.5111821086261981,1980-1990,77.05555555555556,1.5555555555555556,0.3148148148148148,0.5,12.425925925925926
davidcarr/2504804,"Carr, David",1,75,212,2002,11,94,0.9154929577464789,0.09189039579296983,0.5968239964711072,2000-2010,153.74468085106383,2.8404255319148937,0.6914893617021277,0.7553191489361702,14.127659574468085
davidfales/2543751,"Fales, David",0,73,212,2014,3,1,0,0,0.4,2010+,22,1,0,0,0
davidgarrard/2505101,"Garrard, David",1,73,236,2002,12,86,1.6481481481481481,0.10910454289820659,0.6163963174046471,2000-2010,186.08139534883722,2.0813953488372094,1.0348837209302326,0.627906976744186,20.302325581395348
davidklingler/2501636,"Klingler, David",1,75,215,1992,6,33,0.7272727272727273,0.11417125688532799,0.541782729805014,1990-1999,121.03030303030303,2.6363636363636362,0.48484848484848486,0.6666666666666666,13.818181818181818
deancarlson/2511074,"Carlson, Dean",1,75,210,1972,3,1,0,0.14655172413793102,0.4666666666666667,1970-1980,116,2,0,1,17
deanmay/2520411,"May, Dean",1,77,220,1984,4,5,0,-0.12121212121212122,0.16666666666666666,1980-1990,6.6,0.2,0,0.2,-0.8
dennisshaw/2525401,"Shaw, Dennis",1,75,217,1970,9,48,0.45454545454545453,0.06235450615231127,0.5286697247706422,1970-1980,125.29166666666667,2.5416666666666665,0.625,1.375,7.8125
derekanderson/2506546,"Anderson, Derek",0,78,235,2005,12,73,1,0.022027702962677954,0.5419799498746867,2000-2010,142.41095890410958,1.0410958904109588,0.821917808219178,0.821917808219178,3.136986301369863
derekcarr/2543499,"Carr, Derek",0,75,215,2014,3,47,2.6129032258064515,0.026800071466857246,0.609122401847575,2010+,238.17021276595744,1.5106382978723405,1.7234042553191489,0.6595744680851063,6.382978723404255
donmajkowski/2501847,"Majkowski, Don",1,74,208,1987,10,89,0.9701492537313433,0.08728833770569998,0.5552016985138004,1980-1990,141.3370786516854,1.9887640449438202,0.7303370786516854,0.7528089887640449,12.337078651685394
dougflutie/2500660,"Flutie, Doug",1,70,180,1986,20,92,1.2647058823529411,0.1110431532449881,0.5471873547187355,1980-1990,159.94565217391303,1.1630434782608696,0.9347826086956522,0.7391304347826086,17.76086956521739
dougjohnson/2503961,"Johnson, Doug",1,74,218,2000,7,25,0.7222222222222222,0.022307692307692306,0.5677083333333334,2000-2010,104,1.52,0.52,0.72,2.32
dougnussmeier/2502319,"Nussmeier, Doug",1,75,211,1994,5,5,0.25,0.07912087912087912,0.5609756097560976,1990-1999,91,1.8,0.2,0.8,7.2
dougpederson/2502434,"Pederson, Doug",1,75,222,1993,12,100,0.631578947368421,0.036205648081100654,0.5478927203065134,1990-1999,27.62,0.4,0.12,0.19,1
drewbrees/2504775,"Brees, Drew",0,72,209,2001,16,233,2.1136363636363638,0.010951278909712453,0.6663621831468372,2000-2010,283.7381974248927,1.536480686695279,1.9957081545064377,0.944206008583691,3.107296137339056
drewstanton/2495748,"Stanton, Drew",0,75,243,2008,9,33,0.7368421052631579,0.06729857819905213,0.532,2000-2010,95.9090909090909,0.9393939393939394,0.42424242424242425,0.5757575757575758,6.454545454545454
eddhargett/2515836,"Hargett, Edd",1,71,185,1970,4,39,1.1111111111111112,0.01509985387238188,0.4540059347181009,1970-1980,52.64102564102564,0.4358974358974359,0.2564102564102564,0.23076923076923078,0.7948717948717948
ejmanuel/2539228,"Manuel, EJ",0,76,237,2013,4,28,1.2666666666666666,0.09251856082238721,0.583180987202925,2010+,125.07142857142857,1.5357142857142858,0.6785714285714286,0.5357142857142857,11.571428571428571
elimanning/2505996,"Manning, Eli",0,76,218,2004,13,201,1.4883720930232558,0.010660803915875056,0.5966300366300367,2000-2010,239.87064676616916,1.6318407960199004,1.592039800995025,1.0696517412935322,2.557213930348259
ericzeier/2503851,"Zeier, Eric",1,73,214,1995,6,28,1.0666666666666667,0.036079545454545454,0.5605214152700186,1990-1999,125.71428571428571,2.107142857142857,0.5714285714285714,0.5357142857142857,4.535714285714286
frankpatrick/2522839,"Patrick, Frank",1,79,225,1970,3,4,0,0.04672897196261682,0.34782608695652173,1970-1980,26.75,1.75,0,0.5,1.25
frankreich/2502624,"Reich, Frank",1,76,210,1985,14,118,1.1111111111111112,0.012839506172839505,0.5450643776824035,1980-1990,51.483050847457626,0.576271186440678,0.3389830508474576,0.3050847457627119,0.6610169491525424
frantarkenton/2527019,"Tarkenton, Fran",1,72,190,1970,9,118,1.2222222222222223,0.04206247325631151,0.5970282317979198,1970-1980,198.05084745762713,1.9745762711864407,1.305084745762712,1.0677966101694916,8.330508474576272
galegilbert/2500803,"Gilbert, Gale",1,75,209,1985,11,58,0.75,0.012953367875647668,0.5637065637065637,1980-1990,26.620689655172413,0.3275862068965517,0.15517241379310345,0.20689655172413793,0.3448275862068966
garydanielson/2512449,"Danielson, Gary",1,74,195,1976,13,100,1.0526315789473684,0.06338498035436281,0.5712777191129884,1970-1980,134.89,1.75,0.8,0.76,8.55
garykeithley/2518235,"Keithley, Gary",1,75,210,1973,3,13,0.2,0.07859078590785908,0.4383561643835616,1970-1980,28.384615384615383,0.38461538461538464,0.07692307692307693,0.38461538461538464,2.230769230769231
garymarangi/2520112,"Marangi, Gary",1,73,201,1974,3,19,0.5714285714285714,0.23889293517844137,0.3674911660777385,1970-1980,72.26315789473684,1.3157894736842106,0.631578947368421,1.105263157894737,17.263157894736842
genosmith/2539335,"Smith, Geno",0,75,221,2013,4,33,0.7777777777777778,0.10852063066085206,0.5785219399538106,2010+,180.66666666666666,2.3333333333333335,0.8484848484848485,1.0909090909090908,19.606060606060606
gibranhamdan/2505614,"Hamdan, Gibran",1,76,220,2003,7,1,0,0,0.5,2000-2010,7,1,0,0,0
giffordnielsen/2522154,"Nielsen, Gifford",1,76,205,1978,6,55,0.9090909090909091,0.027342549923195084,0.5481927710843374,1970-1980,59.18181818181818,0.8545454545454545,0.36363636363636365,0.4,1.6181818181818182
glenncarano/2511047,"Carano, Glenn",1,75,201,1977,7,36,3,0.049342105263157895,0.3684210526315789,1970-1980,8.444444444444445,0.05555555555555555,0.08333333333333333,0.027777777777777776,0.4166666666666667
glennfoley/2500666,"Foley, Glenn",1,74,220,1994,6,21,0.75,0.012960712839206157,0.5418848167539267,1990-1999,117.57142857142857,1.2857142857142858,0.5714285714285714,0.7619047619047619,1.5238095238095237
grahamharrell/71321,"Harrell, Graham",1,74,215,2010,3,4,0,-0.15,0.5,2010+,5,0,0,0,-0.75
greglandry/2519027,"Landry, Greg",1,76,210,1970,15,129,1.0731707317073171,0.15393622150285832,0.5647693817468106,1970-1980,112.55038759689923,2.147286821705426,0.6821705426356589,0.6356589147286822,17.325581395348838
inglemartin/2495896,"Martin, Ingle",1,74,220,2006,3,1,0,-5,NA,2000-2010,0,0,0,0,-5
j.t.o'sullivan/2505163,"O'Sullivan, J.T.",1,74,232,2002,9,17,0.6923076923076923,0.07770632368703108,0.5642023346303502,2000-2010,109.76470588235294,2.235294117647059,0.5294117647058824,0.7647058823529411,8.529411764705882
jackthompson/2527335,"Thompson, Jack",1,75,217,1979,6,51,0.7333333333333333,0.04929444967074318,0.5313609467455621,1970-1980,104.2156862745098,1.6666666666666667,0.6470588235294118,0.8823529411764706,5.137254901960785
jakedelhomme/2500361,"Delhomme, Jake",1,74,215,1998,14,103,1.2475247524752475,0.01563766388557807,0.5937926330150068,1990-1999,203.64077669902912,1.6310679611650485,1.2233009708737863,0.9805825242718447,3.1844660194174756
jamesharris/2515950,"Harris, James",1,76,210,1970,12,79,0.7586206896551724,0.043478260869565216,0.531895777178796,1970-1980,99.56962025316456,1.1645569620253164,0.5569620253164557,0.7341772151898734,4.329113924050633
jamiemartin/2501888,"Martin, Jamie",1,74,205,1993,16,53,0.9523809523809523,0.004195070791819612,0.6561922365988909,1990-1999,71.9622641509434,0.6792452830188679,0.37735849056603776,0.39622641509433965,0.3018867924528302
jariousjackson/2504292,"Jackson, Jarious",1,72,228,2000,4,5,0,0.13157894736842105,0.5,2000-2010,22.8,0.4,0,0.2,3
jasoncampbell/2506364,"Campbell, Jason",1,77,235,2005,10,90,1.45,0.07179059090095999,0.6032565528196981,2000-2010,186.34444444444443,1.8888888888888888,0.9666666666666667,0.6666666666666666,13.377777777777778
jasongarrett/2500770,"Garrett, Jason",1,74,200,1993,12,40,2.2,0.0053868756121449556,0.5612244897959183,1990-1999,51.05,0.5,0.275,0.125,0.275
jaycutler/2495824,"Cutler, Jay",0,75,231,2006,11,139,1.4246575342465753,0.05082083346166877,0.6194611445112447,2000-2010,233.57553956834533,2.172661870503597,1.4964028776978417,1.0503597122302157,11.870503597122303
jayfiedler/2500619,"Fiedler, Jay",1,74,225,1994,12,76,1.0454545454545454,0.07210401891252956,0.5870704717530577,1990-1999,155.8421052631579,1.5,0.9078947368421053,0.868421052631579,11.236842105263158
jayschroeder/2502859,"Schroeder, Jay",1,76,215,1984,11,118,1.0555555555555556,0.03793051886557344,0.5078347578347578,1980-1990,170.02542372881356,1.7627118644067796,0.9661016949152542,0.9152542372881356,6.4491525423728815
jaywalker/2528101,"Walker, Jay",1,75,229,1994,4,1,0,0,1,1990-1999,31,0,0,0,0
jeffcarlson/2499990,"Carlson, Jeff",1,75,215,1990,3,7,0.2222222222222222,0.08962264150943396,0.4298245614035088,1990-1999,90.85714285714286,2,0.2857142857142857,1.2857142857142858,8.142857142857142
jeffchristensen/2511457,"Christensen, Jeff",1,75,202,1983,5,4,0.3333333333333333,0.13131313131313133,0.41379310344827586,1980-1990,74.25,1.25,0.25,0.75,9.75
jefffrancis/2500696,"Francis, Jeff",1,76,215,1990,3,1,0,0,1,1990-1999,26,0,0,0,0
jeffgarcia/2500758,"Garcia, Jeff",1,73,205,1999,13,125,1.9397590361445782,0.08379997650467949,0.6158868335146899,2000-2010,204.296,1.448,1.288,0.664,17.12
jeffgeorge/2500788,"George, Jeff",1,76,214,1990,15,131,1.3628318584070795,0.011122382436055359,0.579279052180489,1990-1999,210.70229007633588,2.732824427480916,1.1755725190839694,0.8625954198473282,2.3435114503816794
jeffkemp/2501589,"Kemp, Jeff",1,72,201,1981,11,95,1.0263157894736843,0.07199211045364892,0.5253664036076663,1980-1990,64.0421052631579,0.7052631578947368,0.4105263157894737,0.4,4.610526315789474
jeffkomlo/2518712,"Komlo, Jeff",1,74,200,1979,5,25,0.42857142857142855,0.04648482520169036,0.4988558352402746,1970-1980,104.12,1.92,0.48,1.12,4.84
jefflewis/2501745,"Lewis, Jeff",1,74,211,1996,5,12,0,0.37142857142857144,0.5185185185185185,1990-1999,17.5,0.8333333333333334,0,0.16666666666666666,6.5
jerrygolsteyn/2515026,"Golsteyn, Jerry",1,76,207,1977,8,21,0.15384615384615385,-0.003714020427112349,0.423963133640553,1970-1980,51.285714285714285,1.4761904761904763,0.09523809523809523,0.6190476190476191,-0.19047619047619047
jerrytagge/2526982,"Tagge, Jerry",1,74,220,1972,3,18,0.17647058823529413,0.0739102969046115,0.48398576512455516,1970-1980,87.94444444444444,0.9444444444444444,0.16666666666666666,0.9444444444444444,6.5
jessepalmer/2504732,"Palmer, Jesse",1,74,219,2001,5,8,0.75,0.03558718861209965,0.525,2000-2010,70.25,2,0.375,0.5,2.5
jimballard/2499514,"Ballard, Jim",1,75,223,1994,4,0,0,0,NA,1990-1999,NA,NA,NA,NA,NA
jimdelgaizo/2512747,"Del Gaizo, Jim",1,73,198,1972,4,14,0.375,0.028225806451612902,0.42168674698795183,1970-1980,35.42857142857143,0.5,0.21428571428571427,0.5714285714285714,1
jimeverett/2500577,"Everett, Jim",1,77,212,1986,12,158,1.16,0.017108246978786924,0.5770871419865935,1980-1990,220.4873417721519,1.6265822784810127,1.2848101265822784,1.1075949367088607,3.7721518987341773
jimharbaugh/2501019,"Harbaugh, Jim",1,75,215,1987,15,177,1.1025641025641026,0.10601795496043823,0.5883103624298112,1980-1990,148.51977401129943,2.0395480225988702,0.7288135593220338,0.6610169491525424,15.745762711864407
jimhart/2516025,"Hart, Jim",1,73,215,1970,15,161,0.907608695652174,0.004687947323217864,0.5191230207064556,1970-1980,173.56521739130434,1.4285714285714286,1.0372670807453417,1.1428571428571428,0.8136645962732919
jimkelly/2501579,"Kelly, Jim",1,75,226,1986,11,160,1.3542857142857143,0.029576789691826203,0.6013810420590081,1980-1990,221.66875,2.01875,1.48125,1.09375,6.55625
jimmygaroppolo/2543801,"Garoppolo, Jimmy",0,74,225,2014,3,17,5,0.014492753623188406,0.6702127659574468,2010+,40.588235294117645,0.47058823529411764,0.29411764705882354,0,0.5882352941176471
jimzorn/2529688,"Zorn, Jim",1,74,200,1976,12,140,0.7872340425531915,0.07122898413450154,0.5300095268339156,1970-1980,150.82142857142858,1.5214285714285714,0.7928571428571428,1.0071428571428571,10.742857142857142
joeferguson/2513953,"Ferguson, Joe",1,73,195,1973,18,186,0.937799043062201,0.04081564208337526,0.5242310245629564,1970-1980,160.30645161290323,1.6774193548387097,1.053763440860215,1.1236559139784945,6.543010752688172
joeflacco/382,"Flacco, Joe",0,78,245,2008,9,138,1.5555555555555556,0.021814393823340175,0.6147195276254744,2000-2010,236.5144927536232,2.101449275362319,1.318840579710145,0.8478260869565217,5.159420289855072
joegermaine/2500795,"Germaine, Joe",1,74,220,1999,4,3,0.5,0,0.5625,2000-2010,45.333333333333336,1,0.3333333333333333,0.6666666666666666,0
joegilliam/2514891,"Gilliam, Joe",1,74,187,1972,4,19,0.5333333333333333,0.0245014245014245,0.4128113879003559,1970-1980,92.36842105263158,0.47368421052631576,0.42105263157894735,0.7894736842105263,2.263157894736842
joehamilton/2504199,"Hamilton, Joe",1,70,190,2000,5,1,0,-2,NA,2000-2010,0,1,0,0,-2
joenamath/2521943,"Namath, Joe",1,74,200,1970,8,71,0.6551724137931034,0.0017247043363994743,0.5002908667830134,1970-1980,171.49295774647888,1.352112676056338,1.0704225352112675,1.6338028169014085,0.29577464788732394
joepisarcik/2523269,"Pisarcik, Joe",1,76,220,1977,8,61,0.5,0.026476945244956772,0.4732739420935412,1970-1980,91.01639344262296,1.8360655737704918,0.39344262295081966,0.7868852459016393,2.4098360655737703
joereed/2523867,"Reed, Joe",1,73,195,1972,8,49,0.5806451612903226,0.1713274336283186,0.43859649122807015,1970-1980,57.6530612244898,1.2040816326530612,0.3673469387755102,0.6326530612244898,9.877551020408163
joetheismann/2527196,"Theismann, Joe",1,72,192,1974,12,167,1.1594202898550725,0.07200666507974292,0.5674625208217657,1970-1980,150.93413173652695,2.035928143712575,0.9580838323353293,0.8263473053892215,10.868263473053892
joewebb/1037347,"Webb, Joe",0,76,235,2010,7,70,0.6,0.31887456037514655,0.5789473684210527,2010+,12.185714285714285,0.15714285714285714,0.04285714285714286,0.07142857142857142,3.8857142857142857
joeyharrington/2505011,"Harrington, Joey",1,76,210,2002,7,81,0.9294117647058824,0.027359967331382292,0.5610717100078803,2000-2010,181.39506172839506,1.5308641975308641,0.9753086419753086,1.0493827160493827,4.962962962962963
johnbeck/2507171,"Beck, John",1,74,217,2007,6,9,0.42857142857142855,0.03881439661256175,0.5857740585774058,2000-2010,157.44444444444446,2.888888888888889,0.3333333333333333,0.7777777777777778,6.111111111111111
johnelway/2500547,"Elway, John",1,75,215,1983,16,233,1.345291479820628,0.06591131080289118,0.5683143571230214,1980-1990,219.69957081545064,2.2103004291845494,1.2875536480686696,0.9570815450643777,14.48068669527897
johnfourcade/2514290,"Fourcade, John",1,73,208,1987,4,24,0.9333333333333333,0.13062283737024222,0.5079872204472844,1980-1990,96.33333333333333,1.125,0.5833333333333334,0.625,12.583333333333334
johnhadl/2515554,"Hadl, John",1,73,214,1970,8,108,0.8067226890756303,0.02759365994236311,0.519733713742273,1970-1980,128.5185185185185,1.4166666666666667,0.8888888888888888,1.1018518518518519,3.5462962962962963
johnnavarre/2506020,"Navarre, John",1,78,243,2004,3,2,0.4,0,0.5,2000-2010,171,2.5,1,2.5,0
johnnyunitas/2527792,"Unitas, Johnny",1,73,194,1970,4,39,0.5897435897435898,0.007971656333038087,0.5206847360912982,1970-1980,115.7948717948718,1.5384615384615385,0.5897435897435898,1,0.9230769230769231
johnreaves/2523820,"Reaves, John",1,75,210,1972,16,51,0.5,0.053912081835775505,0.4642857142857143,1970-1980,70.92156862745098,1.2352941176470589,0.3333333333333333,0.6666666666666666,3.823529411764706
johnwalton/2528196,"Walton, John",1,74,210,1976,4,15,1,-0.011834319526627219,0.47692307692307695,1970-1980,22.533333333333335,0.06666666666666667,0.2,0.2,-0.26666666666666666
jonathanquinn/2502570,"Quinn, Jonathan",1,78,240,1998,7,17,0.5714285714285714,0.13006029285099052,0.5246636771300448,1990-1999,68.29411764705883,1.7647058823529411,0.23529411764705882,0.4117647058823529,8.882352941176471
jonkitna/2501630,"Kitna, Jon",1,74,220,1997,17,141,1.0242424242424242,0.03213985543788872,0.6026564610535795,1990-1999,210.95744680851064,2.2907801418439715,1.198581560283688,1.1702127659574468,6.780141843971631
jordanpalmer/2507237,"Palmer, Jordan",1,77,230,2008,7,5,0,0.045454545454545456,0.6111111111111112,2000-2010,13.2,0.8,0,0.4,0.6
joshmccown/2505076,"McCown, Josh",0,76,218,2002,15,82,1.144927536231884,0.06684454430557506,0.5912305516265912,2000-2010,173.6829268292683,2.3048780487804876,0.9634146341463414,0.8414634146341463,11.609756097560975
kellenclemens/2506895,"Clemens, Kellen",0,74,220,2006,11,56,0.8,0.05775454319143639,0.546031746031746,2000-2010,71.73214285714286,1.1785714285714286,0.2857142857142857,0.35714285714285715,4.142857142857143
kellenmoore/2532917,"Moore, Kellen",0,72,200,2012,4,3,0.6666666666666666,-0.0012836970474967907,0.5865384615384616,2010+,259.6666666666667,1.6666666666666667,1.3333333333333333,2,-0.3333333333333333
kenanderson/2508498,"Anderson, Ken",1,74,212,1971,16,192,1.23125,0.06760460442170656,0.593072625698324,1970-1980,171.03125,2.0729166666666665,1.0260416666666667,0.8333333333333334,11.5625
keno'brien/2502323,"O'Brien, Ken",1,76,210,1983,11,128,1.3195876288659794,0.01588325405143917,0.5861001688238604,1980-1990,193.796875,2.734375,1,0.7578125,3.078125
kentnix/2522175,"Nix, Kent",1,74,195,1970,3,21,0.5625,0.014326647564469915,0.417910447761194,1970-1980,49.857142857142854,0.8095238095238095,0.42857142857142855,0.7619047619047619,0.7142857142857143
kerwinbell/2499604,"Bell, Kerwin",1,75,210,1988,10,1,1,-0.013333333333333334,1,1980-1990,75,0,1,0,-1
kevindaft/2500269,"Daft, Kevin",1,73,207,1999,3,0,0,0,NA,2000-2010,NA,NA,NA,NA,NA
kevinkolb/2507169,"Kolb, Kevin",1,75,218,2007,6,34,1.12,0.043987706492508646,0.5947019867549669,2000-2010,153.11764705882354,2.264705882352941,0.8235294117647058,0.7352941176470589,6.735294117647059
kevino'connell/371,"O'Connell, Kevin",1,77,225,2008,4,2,0,-0.2608695652173913,0.6666666666666666,2000-2010,11.5,0.5,0,0,-3
kirkcousins/2532820,"Cousins, Kirk",0,75,210,2012,5,46,1.7142857142857142,0.016511186328737718,0.6587403598971723,2010+,263.32608695652175,1.4130434782608696,1.565217391304348,0.9130434782608695,4.3478260869565215
koydetmer/2500378,"Detmer, Koy",1,73,195,1998,8,103,0.7142857142857143,0.015432098765432098,0.519774011299435,1990-1999,18.87378640776699,0.11650485436893204,0.0970873786407767,0.13592233009708737,0.2912621359223301
kurtkittner/2505140,"Kittner, Kurt",1,74,211,2002,4,7,0.3333333333333333,0.03324808184143223,0.38596491228070173,2000-2010,55.857142857142854,0.7142857142857143,0.2857142857142857,0.8571428571428571,1.8571428571428572
kurtwarner/2503540,"Warner, Kurt",1,74,214,1998,12,124,1.625,0.008842443729903537,0.655036855036855,1990-1999,260.83870967741933,2.096774193548387,1.6774193548387097,1.032258064516129,2.306451612903226
kylemackey/2519921,"Mackey, Kyle",1,75,220,1984,6,7,0.5,0.13854595336076816,0.5074626865671642,1980-1990,104.14285714285714,1,0.42857142857142855,0.8571428571428571,14.428571428571429
kyleorton/2506444,"Orton, Kyle",1,76,228,2005,10,87,1.463768115942029,0.016410711315628986,0.5947640117994101,2000-2010,207.32183908045977,1.896551724137931,1.160919540229885,0.7931034482758621,3.4022988505747125
landryjones/2539287,"Jones, Landry",0,76,225,2013,4,15,1.1666666666666667,-0.008403361344537815,0.6028368794326241,2010+,71.4,0.4,0.4666666666666667,0.4,-0.6
larrylawrence/2519183,"Lawrence, Larry",1,73,208,1974,3,9,0,0.45569620253164556,0.2903225806451613,1970-1980,8.777777777777779,0.6666666666666666,0,0.4444444444444444,4
lendawson/2512662,"Dawson, Len",1,72,190,1970,6,71,0.9464285714285714,0.02240104393214441,0.5848909657320872,1970-1980,129.5211267605634,2.0140845070422535,0.7464788732394366,0.7887323943661971,2.9014084507042255
loganthomas/2543767,"Thomas, Logan",0,78,250,2014,3,2,1,0,0.1111111111111111,2010+,40.5,1,0.5,0,0
lukemccown/2506053,"McCown, Luke",0,76,217,2004,13,62,0.6,0.07468354430379746,0.6067415730337079,2000-2010,38.225806451612904,0.5483870967741935,0.14516129032258066,0.24193548387096775,2.8548387096774195
lynndickey/2512900,"Dickey, Lynn",1,75,214,1971,15,149,0.8034682080924855,0.004644168251581229,0.5596026490066225,1970-1980,151.73825503355704,1.9597315436241611,0.9328859060402684,1.1610738255033557,0.7046979865771812
markmalone/2520038,"Malone, Mark",1,76,223,1980,10,73,0.7407407407407407,0.06171990171990172,0.5091019417475728,1980-1990,139.3835616438356,1.178082191780822,0.821917808219178,1.1095890410958904,8.602739726027398
markreed/2523870,"Reed, Mark",1,75,201,1982,3,1,0,0.7941176470588235,0.6,1980-1990,34,0,0,1,27
markvlasic/2503477,"Vlasic, Mark",1,75,206,1987,7,15,0.8,-0.0013123359580052493,0.528169014084507,1980-1990,50.8,0.4,0.26666666666666666,0.3333333333333333,-0.06666666666666667
mattcassel/2506562,"Cassel, Matt",0,76,228,2005,12,103,1.3037974683544304,0.05854110024874183,0.5891768292682927,2000-2010,167.83495145631068,1.9514563106796117,1,0.7669902912621359,9.825242718446601
mattcavanaugh/2500034,"Cavanaugh, Matt",1,74,212,1978,14,111,0.9655172413793104,0.04929577464788732,0.5299295774647887,1970-1980,38.37837837837838,0.5405405405405406,0.25225225225225223,0.26126126126126126,1.8918918918918919
mattflynn/367,"Flynn, Matt",0,74,225,2008,8,51,1.5454545454545454,0.02715466351829988,0.6134453781512605,2000-2010,49.8235294117647,0.7647058823529411,0.3333333333333333,0.21568627450980393,1.3529411764705883
matthasselbeck/2501078,"Hasselbeck, Matt",0,76,235,1999,17,209,1.3856209150326797,0.03359899557836126,0.6045028142589118,2000-2010,175.30143540669857,1.722488038277512,1.014354066985646,0.7320574162679426,5.889952153110048
matthewstafford/79860,"Stafford, Matthew",0,75,226,2009,8,109,1.7314814814814814,0.028083028083028084,0.6147024504084014,2000-2010,278.0091743119266,2.220183486238532,1.7155963302752293,0.9908256880733946,7.807339449541284
mattkofler/2518686,"Kofler, Matt",1,75,192,1982,4,41,0.6363636363636364,0.1375432525951557,0.4504950495049505,1980-1990,28.195121951219512,0.8048780487804879,0.17073170731707318,0.2682926829268293,3.8780487804878048
mattleinart/2506878,"Leinart, Matt",1,77,225,2006,7,33,0.7142857142857143,0.02189421894218942,0.5709828393135725,2000-2010,123.18181818181819,0.9090909090909091,0.45454545454545453,0.6363636363636364,2.696969696969697
mattmcgloin/2542065,"McGloin, Matt",0,73,210,2013,4,13,1,0.014453961456102784,0.5812274368231047,2010+,143.69230769230768,0.6923076923076923,0.8461538461538461,0.8461538461538461,2.076923076923077
mattmoore/2507282,"Moore, Matt",0,75,225,2007,10,45,1.3225806451612903,0.013822609840381767,0.5934579439252337,2000-2010,135.04444444444445,1.488888888888889,0.9111111111111111,0.6888888888888889,1.8666666666666667
mattryan/310,"Ryan, Matt",0,76,217,2008,9,142,2.1052631578947367,0.023341555926898492,0.6492890995260664,2000-2010,265.5,1.795774647887324,1.6901408450704225,0.8028169014084507,6.197183098591549
mattschaub/2505982,"Schaub, Matt",0,78,245,2004,13,145,1.4777777777777779,0.014477017734346724,0.6392791692119731,2000-2010,171.49655172413793,1.2275862068965517,0.9172413793103448,0.6206896551724138,2.4827586206896552
mikecherry/2500057,"Cherry, Mike",1,76,225,1997,4,2,0,-5,0,1990-1999,0,0.5,0,0,-2.5
mikeelkins/2500531,"Elkins, Mike",1,75,221,1989,4,1,0,0,0.5,1980-1990,5,0,0,1,0
mikeernst/2513692,"Ernst, Mike",1,73,190,1972,3,2,0,0.4,0.25,1970-1980,5,0,0,0,2
mikeglennon/2539275,"Glennon, Mike",0,78,225,2013,4,21,2,0.020975609756097562,0.5936507936507937,2010+,195.23809523809524,2.6666666666666665,1.4285714285714286,0.7142857142857143,4.095238095238095
mikekafka/497117,"Kafka, Mike",1,75,230,2010,5,4,0,0,0.6875,2010+,26.75,0.25,0,0.5,0
mikekirkland/2518558,"Kirkland, Mike",1,73,195,1976,3,16,0.125,0.16587677725118483,0.4634146341463415,1970-1980,13.1875,0.6875,0.0625,0.5,2.1875
mikemachurek/2519904,"Machurek, Mike",1,73,205,1982,3,4,0,0.046632124352331605,0.32558139534883723,1980-1990,48.25,0.25,0,1.5,2.25
mikenorseth/2502307,"Norseth, Mike",1,74,200,1987,4,1,0,5,NA,1980-1990,0,0,0,0,5
mikepagel/2522660,"Pagel, Mike",1,74,201,1982,12,130,0.7619047619047619,0.0869281755949147,0.49863945578231295,1980-1990,70.79230769230769,0.8615384615384616,0.36923076923076925,0.4846153846153846,6.153846153846154
mikephipps/2523199,"Phipps, Mike",1,75,208,1970,12,117,0.5142857142857142,0.12252269842819487,0.49286122215876643,1970-1980,87.54700854700855,1.393162393162393,0.46153846153846156,0.8974358974358975,10.726495726495726
mikequinn/2502571,"Quinn, Mike",1,76,216,1997,7,4,0,-0.3,0.6666666666666666,1990-1999,5,0,0,0,-1.5
mikerae/2523687,"Rae, Mike",1,72,193,1976,6,28,0.8571428571428571,0.1953125,0.4979919678714859,1970-1980,54.857142857142854,2.107142857142857,0.42857142857142855,0.5,10.714285714285714
miketaliaferro/2526999,"Taliaferro, Mike",1,74,202,1970,3,16,0.3333333333333333,0.02865329512893983,0.4563106796116505,1970-1980,65.4375,1.3125,0.3125,0.9375,1.875
miketomczak/2503373,"Tomczak, Mike",1,73,210,1985,15,185,0.8301886792452831,0.032713477206293924,0.5340179717586649,1980-1990,86.91351351351351,0.6162162162162163,0.4756756756756757,0.572972972972973,2.843243243243243
mikevick/2504531,"Vick, Mike",0,72,210,2001,15,143,1.5113636363636365,0.27194622507122507,0.5617034504196456,2000-2010,157.0909090909091,2.2097902097902096,0.9300699300699301,0.6153846153846154,42.72027972027972
mikewells/2528512,"Wells, Mike",1,77,225,1975,3,7,0,0,NA,1970-1980,0,0,0,0,0
neilgraff/2515140,"Graff, Neil",1,75,205,1974,5,29,0.6666666666666666,0.017361111111111112,0.5208333333333334,1970-1980,9.931034482758621,0.1724137931034483,0.06896551724137931,0.10344827586206896,0.1724137931034483
neilo'donnell/2502324,"O'Donnell, Neil",1,75,228,1990,14,125,1.7647058823529411,0.020562471184877824,0.5775781975843914,1990-1999,173.52,2.072,0.96,0.544,3.568
nickfoles/2532842,"Foles, Nick",0,78,243,2012,5,42,2.074074074074074,0.03765599565925122,0.6038910505836576,2010+,219.4047619047619,1.7857142857142858,1.3333333333333333,0.6428571428571429,8.261904761904763
norrisweese/2528452,"Weese, Norris",1,73,195,1976,4,57,0.5,0.19183889772125065,0.5697211155378487,1970-1980,33.10526315789474,0.631578947368421,0.12280701754385964,0.24561403508771928,6.350877192982456
patbarnes/2499545,"Barnes, Pat",1,75,215,1997,3,1,0,0,NA,1990-1999,0,0,0,0,0
patdevlin/2530762,"Devlin, Pat",0,75,220,2011,5,0,0,0,NA,2010+,NA,NA,NA,NA,NA
pathaden/2515552,"Haden, Pat",1,71,182,1976,6,64,0.896551724137931,0.0648471615720524,0.5369127516778524,1970-1980,143.125,1.78125,0.8125,0.90625,9.28125
patrickramsey/2505223,"Ramsey, Patrick",1,74,225,2002,9,37,1.1666666666666667,0.015008431703204048,0.5596933187294633,2000-2010,160.27027027027026,2.135135135135135,0.9459459459459459,0.8108108108108109,2.4054054054054053
petebeathard/2509249,"Beathard, Pete",1,73,200,1970,6,34,0.55,0.026865671641791045,0.4331983805668016,1970-1980,49.26470588235294,0.5294117647058824,0.3235294117647059,0.5882352941176471,1.3235294117647058
peteliske/2519570,"Liske, Pete",1,75,200,1970,3,36,0.6451612903225806,0.020995334370139968,0.5025295109612141,1970-1980,107.16666666666667,1.3055555555555556,0.5555555555555556,0.8611111111111112,2.25
peytonmanning/2501863,"Manning, Peyton",0,77,230,1998,18,266,2.147410358565737,0.009271615234917987,0.6529850746268657,1990-1999,270.45112781954884,1.1390977443609023,2.026315789473684,0.943609022556391,2.507518796992481
philiprivers/2506121,"Rivers, Philip",0,77,228,2004,13,180,2.0128205128205128,0.012545545785787532,0.6440763900625317,2000-2010,254.62777777777777,2.011111111111111,1.7444444444444445,0.8666666666666667,3.1944444444444446
quincycarter/2504658,"Carter, Quincy",1,74,217,2001,4,38,0.8648648648648649,0.08174214928199464,0.5645833333333333,2000-2010,166.76315789473685,2.1052631578947367,0.8421052631578947,0.9736842105263158,13.631578947368421
randydean/2512687,"Dean, Randy",1,75,195,1977,3,23,0.2,0.5376344086021505,0.46153846153846156,1970-1980,12.130434782608695,0.21739130434782608,0.043478260869565216,0.21739130434782608,6.521739130434782
randyjohnson/2517740,"Johnson, Randy",1,75,205,1970,7,33,0.5757575757575758,0.041743970315398886,0.5550660792951542,1970-1980,98,1.6363636363636365,0.5757575757575758,1,4.090909090909091
richardbartel/2507299,"Bartel, Richard",1,76,230,2008,4,3,0.5,0.038135593220338986,0.52,2000-2010,78.66666666666667,1,0.3333333333333333,0.6666666666666666,3
richardtodd/2527483,"Todd, Richard",1,74,207,1976,11,118,0.75,0.04561576354679803,0.5403005464480874,1970-1980,172.03389830508473,2.2203389830508473,1.0169491525423728,1.3559322033898304,7.8474576271186445
richcampbell/2510991,"Campbell, Rich",1,76,224,1981,4,7,0.3333333333333333,0.0051813471502590676,0.45588235294117646,1980-1990,55.142857142857146,1,0.42857142857142855,1.2857142857142858,0.2857142857142857
richgannon/2500754,"Gannon, Rich",1,75,210,1987,18,157,1.7307692307692308,0.08520335386007027,0.6022349025202092,1980-1990,183.0764331210191,1.9235668789808917,1.1464968152866242,0.6624203821656051,15.598726114649681
rickarrington/2508672,"Arrington, Rick",1,74,200,1970,4,16,0.375,0.06297502714440825,0.484375,1970-1980,57.5625,1.125,0.1875,0.5,3.625
rickyray/2504760,"Ray, Ricky",1,75,208,2001,4,0,0,0,NA,2000-2010,NA,NA,NA,NA,NA
robertgriffiniii/2533033,"Griffin III, Robert",0,74,218,2012,5,42,1.6153846153846154,0.18590671267950573,0.6330578512396694,2010+,213.88095238095238,2.9285714285714284,1,0.6190476190476191,39.76190476190476
robjohnson/2501452,"Johnson, Rob",1,76,212,1995,9,48,1.3043478260869565,0.15133735979292492,0.6129032258064516,1990-1999,120.72916666666667,2.9166666666666665,0.625,0.4791666666666667,18.270833333333332
rodneypeete/2502436,"Peete, Rodney",1,72,230,1989,16,104,0.8260869565217391,0.06971477537030236,0.5728900255754475,1980-1990,157.09615384615384,2.3461538461538463,0.7307692307692307,0.8846153846153846,10.951923076923077
rohandavey/2505108,"Davey, Rohan",1,74,245,2002,4,7,0,-0.056818181818181816,0.42105263157894735,2000-2010,12.571428571428571,0,0,0,-0.7142857142857143
romangabriel/2514517,"Gabriel, Roman",1,77,220,1970,8,91,1.3043478260869565,0.022683181614684376,0.5366866635902169,1970-1980,147.27472527472528,1.6043956043956045,0.989010989010989,0.7582417582417582,3.340659340659341
ronjaworski/2517443,"Jaworski, Ron",1,74,196,1974,16,187,1.0987654320987654,0.03074885452462772,0.5313879352623835,1970-1980,149.3903743315508,1.9197860962566844,0.9518716577540107,0.8663101604278075,4.593582887700535
rudycarpenter/81280,"Carpenter, Rudy",1,74,215,2009,3,1,0,0,NA,2000-2010,0,0,0,0,0
russellwilson/2532975,"Wilson, Russell",0,71,215,2012,5,80,2.8222222222222224,0.1478041004782059,0.6470846120122753,2010+,227.4125,2.5625,1.5875,0.5625,33.6125
rustylisch/2519566,"Lisch, Rusty",1,75,213,1980,5,30,0.09090909090909091,0.2376599634369287,0.4782608695652174,1980-1990,18.233333333333334,0.6333333333333333,0.03333333333333333,0.36666666666666664,4.333333333333333
ryanfitzpatrick/2506581,"Fitzpatrick, Ryan",0,74,223,2005,12,127,1.2481203007518797,0.0772172435105068,0.597265221878225,2000-2010,203.84251968503938,1.763779527559055,1.3070866141732282,1.047244094488189,15.740157480314961
ryangriffin/2541185,"Griffin, Ryan",0,77,210,2013,4,0,0,0,NA,2010+,NA,NA,NA,NA,NA
ryanleaf/2501708,"Leaf, Ryan",1,77,235,1998,4,25,0.3888888888888889,0.03464266230223677,0.48396946564885496,1990-1999,146.64,2.6,0.56,1.44,5.08
ryanlindley/2532894,"Lindley, Ryan",0,75,232,2012,4,10,0.2727272727272727,0.00510204081632653,0.5109489051094891,2010+,137.2,1.8,0.3,1.1,0.7
ryanmallett/2495443,"Mallett, Ryan",0,78,250,2011,6,19,0.7,-0.0011242270938729624,0.5501519756838906,2010+,93.63157894736842,0.3684210526315789,0.3684210526315789,0.5263157894736842,-0.10526315789473684
ryannassib/2539961,"Nassib, Ryan",0,74,223,2013,4,5,1,-0.0234375,0.9,2010+,25.6,0.4,0.2,0,-0.6
ryantannehill/2532956,"Tannehill, Ryan",0,76,216,2012,5,77,1.606060606060606,0.05770793822812246,0.626848691695108,2010+,239.67532467532467,2.7662337662337664,1.3766233766233766,0.8571428571428571,13.831168831168831
samadkins/2508248,"Adkins, Sam",1,74,214,1977,6,11,0.5,0.27155172413793105,0.4358974358974359,1970-1980,21.09090909090909,0.8181818181818182,0.18181818181818182,0.36363636363636365,5.7272727272727275
scottcampbell/2510992,"Campbell, Scott",1,72,196,1984,7,45,0.76,0.0569896077774053,0.4933920704845815,1980-1990,66.28888888888889,1.0222222222222221,0.4222222222222222,0.5555555555555556,3.7777777777777777
scottsecules/2502888,"Secules, Scott",1,75,220,1988,6,57,0.2857142857142857,0.10373760488176964,0.5294117647058824,1980-1990,23,0.15789473684210525,0.07017543859649122,0.24561403508771928,2.3859649122807016
scotttolzien/2495425,"Tolzien, Scott",0,74,213,2011,6,9,0.2857142857142857,0.05869797225186766,0.6171875,2010+,104.11111111111111,0.7777777777777778,0.2222222222222222,0.7777777777777778,6.111111111111111
scottzolak/2503861,"Zolak, Scott",1,77,235,1992,8,55,1.1428571428571428,0.06164383561643835,0.5,1990-1999,23.89090909090909,0.45454545454545453,0.14545454545454545,0.12727272727272726,1.4727272727272727
seansalisbury/2502809,"Salisbury, Sean",1,77,225,1986,11,40,1,0.003922594142259414,0.5511265164644714,1980-1990,95.6,1.075,0.475,0.475,0.375
senecawallace/2505562,"Wallace, Seneca",1,71,205,2003,11,64,1.631578947368421,0.059227814837275114,0.5939086294416244,2000-2010,77.296875,0.921875,0.484375,0.296875,4.578125
shanematthews/2501913,"Matthews, Shane",1,75,199,1993,14,31,1.2916666666666667,0.021236333052985702,0.5864123957091776,1990-1999,153.41935483870967,1.096774193548387,1,0.7741935483870968,3.2580645161290325
shaunhill/2504833,"Hill, Shaun",0,75,230,2002,15,49,1.6333333333333333,0.03930078360458107,0.6179591836734694,2000-2010,169.28571428571428,1.7142857142857142,1,0.6122448979591837,6.653061224489796
shaunking/2501619,"King, Shaun",1,73,228,1999,6,34,1.125,0.0994305738063951,0.5623306233062331,2000-2010,134.2941176470588,1.7941176470588236,0.7941176470588235,0.7058823529411765,13.352941176470589
stangelbaugh/2500785,"Gelbaugh, Stan",1,75,215,1986,11,20,0.45454545454545453,0.05142857142857143,0.49104859335038364,1980-1990,105,2.3,0.5,1.1,5.4
stephenmorris/2550376,"Morris, Stephen",0,74,218,2014,3,0,0,0,NA,2010+,NA,NA,NA,NA,NA
stevebartkowski/2509103,"Bartkowski, Steve",1,76,213,1975,12,129,1.0833333333333333,0.009907146410213894,0.5590277777777778,1970-1980,187.0077519379845,2.75968992248062,1.2093023255813953,1.1162790697674418,1.8527131782945736
stevedeberg/2500356,"DeBerg, Steve",1,75,230,1977,22,204,0.97,0.005516014234875445,0.5737373737373738,1970-1980,165.2941176470588,1.4068627450980393,0.9509803921568627,0.9803921568627451,0.9117647058823529
stevedils/2512939,"Dils, Steve",1,73,190,1979,11,106,0.84375,0.012207702888583218,0.5185185185185185,1970-1980,54.867924528301884,0.7547169811320755,0.25471698113207547,0.3018867924528302,0.6698113207547169
stevematthews/2501914,"Matthews, Steve",1,75,228,1996,3,3,0,0.033444816053511704,0.6511627906976745,1990-1999,99.66666666666667,0.3333333333333333,0,0,3.3333333333333335
stevepelluer/2502440,"Pelluer, Steve",1,76,204,1984,8,64,0.7435897435897436,0.12255617157864021,0.5628865979381443,1980-1990,107.09375,1.234375,0.453125,0.609375,13.125
stevepisarkiewicz/2523270,"Pisarkiewicz, Steve",1,74,205,1977,4,10,0.42857142857142855,0.0236318407960199,0.44755244755244755,1970-1980,80.4,1.7,0.3,0.7,1.9
steveramsey/2523725,"Ramsey, Steve",1,74,210,1970,7,53,0.5789473684210527,0.016941176470588234,0.49504950495049505,1970-1980,120.28301886792453,2.0377358490566038,0.6226415094339622,1.0754716981132075,2.0377358490566038
stevewalsh/2503524,"Walsh, Steve",1,75,215,1989,11,80,0.8,0.005968253968253968,0.5413819286256644,1980-1990,98.4375,0.5,0.5,0.625,0.5875
steveyoung/2503843,"Young, Steve",1,74,215,1985,15,169,2.1682242990654204,0.12797367467697138,0.6428054953000724,1980-1990,196,2.1183431952662723,1.3727810650887573,0.6331360946745562,25.08284023668639
stoneycase/2500026,"Case, Stoney",1,75,201,1995,6,20,0.26666666666666666,0.14786418400876233,0.5125786163522013,1990-1999,91.3,1.95,0.2,0.75,13.5
t.j.yates/2508123,"Yates, T.J.",0,76,217,2011,6,18,0.75,0.03650586701434159,0.5814977973568282,2010+,85.22222222222223,1.2777777777777777,0.3333333333333333,0.4444444444444444,3.111111111111111
tarvarisjackson/2495863,"Jackson, Tarvaris",0,74,225,2006,10,59,1.1142857142857143,0.0875671210243701,0.5964585274930102,2000-2010,123.10169491525424,1.5254237288135593,0.6610169491525424,0.5932203389830508,10.779661016949152
teemartin/2504246,"Martin, Tee",1,74,225,2000,4,3,0,0.5217391304347826,0.375,2000-2010,23,0.3333333333333333,0,0.3333333333333333,12
terryhanratty/2515763,"Hanratty, Terry",1,73,210,1970,7,42,0.7272727272727273,-0.0039018952062430325,0.3704918032786885,1970-1980,42.714285714285715,0.3333333333333333,0.38095238095238093,0.5238095238095238,-0.16666666666666666
terrynugent/2522302,"Nugent, Terry",1,76,218,1984,4,1,0,0.02127659574468085,0.6,1980-1990,47,1,0,0,1
thadlewis/497121,"Lewis, Thad",0,74,219,2010,6,7,1.25,0.04243827160493827,0.6084656084656085,2010+,185.14285714285714,3,0.7142857142857143,0.5714285714285714,7.857142857142857
timhasselbeck/2504361,"Hasselbeck, Tim",1,73,214,2002,6,12,0.7142857142857143,0.036561264822134384,0.536723163841808,2000-2010,84.33333333333333,0.75,0.4166666666666667,0.5833333333333334,3.0833333333333335
timrattay/2504237,"Rattay, Tim",1,72,200,2000,8,40,1.3478260869565217,0.015866474345765505,0.6050420168067226,2000-2010,121.325,1.575,0.775,0.575,1.925
timtebow/497135,"Tebow, Tim",1,75,245,2010,3,35,1.8888888888888888,0.4083402146985962,0.4792243767313019,2010+,69.2,1.1714285714285715,0.4857142857142857,0.2571428571428571,28.257142857142856
timvangalder/2527866,"Van Galder, Tim",1,74,200,1971,3,4,0.2,0.051829268292682924,0.5076923076923077,1970-1980,82,1.75,0.25,1.25,4.25
toddphilcox/2502469,"Philcox, Todd",1,76,218,1990,8,15,0.6363636363636364,0.008787346221441126,0.4913294797687861,1990-1999,75.86666666666666,1.2,0.4666666666666667,0.7333333333333333,0.6666666666666666
tombrady/2504211,"Brady, Tom",0,76,225,2000,17,237,3,0.015264200578091,0.6376459143968871,2000-2010,259.8396624472574,1.759493670886076,1.9240506329113924,0.6413502109704642,3.9662447257383966
tomflick/2514150,"Flick, Tom",1,74,190,1981,7,21,0.2,0.009881422924901186,0.44339622641509435,1980-1990,24.095238095238095,0.47619047619047616,0.09523809523809523,0.47619047619047616,0.23809523809523808
tommymaddox/2501842,"Maddox, Tommy",1,76,219,1992,14,92,0.8888888888888888,0.015827871893161864,0.5716666666666667,1990-1999,87.90217391304348,1.0217391304347827,0.5217391304347826,0.5869565217391305,1.391304347826087
tomowen/2522607,"Owen, Tom",1,73,195,1974,10,26,0.5384615384615384,0.01565217391304348,0.4871060171919771,1970-1980,88.46153846153847,1.5384615384615385,0.5384615384615384,1,1.3846153846153846
tomramsey/2523726,"Ramsey, Tom",1,73,189,1985,5,28,0.7,0.06381322957198443,0.5046728971962616,1980-1990,45.892857142857146,0.7142857142857143,0.25,0.35714285714285715,2.9285714285714284
tomsavage/2543640,"Savage, Tom",0,76,230,2014,3,5,0,0.01020408163265306,0.6086956521739131,2010+,117.6,1.2,0,0.2,1.2
tonyadams/2508191,"Adams, Tony",1,72,198,1975,13,53,0.4444444444444444,0.056714233443102814,0.5196078431372549,1970-1980,51.56603773584906,1.1132075471698113,0.22641509433962265,0.5094339622641509,2.9245283018867925
tonybanks/2499522,"Banks, Tony",1,76,229,1996,10,96,1.0547945205479452,0.05752530199151159,0.5424448217317487,1990-1999,159.53125,2.3645833333333335,0.8020833333333334,0.7604166666666666,9.177083333333334
tonyeason/2513415,"Eason, Tony",1,76,212,1983,8,90,1.196078431372549,0.04514449829474062,0.5824808184143222,1980-1990,123.8,1.9666666666666666,0.6777777777777778,0.5666666666666667,5.588888888888889
trentdilfer/2500392,"Dilfer, Trent",1,76,247,1994,14,130,0.875968992248062,0.04157325275367969,0.5545397225725095,1990-1999,157.83076923076922,2.023076923076923,0.8692307692307693,0.9923076923076923,6.561538461538461
trentedwards/2507189,"Edwards, Trent",1,76,230,2007,6,38,0.8666666666666667,0.05469915464942814,0.6060279870828849,2000-2010,158.76315789473685,1.8157894736842106,0.6842105263157895,0.7894736842105263,8.68421052631579
troyaikman/2499369,"Aikman, Troy",1,76,220,1989,12,165,1.1702127659574468,0.030842086090704875,0.6146341463414634,1980-1990,199.64848484848486,1.5696969696969696,1,0.8545454545454545,6.157575757575757
turkschonert/2525100,"Schonert, Turk",1,73,191,1980,10,72,0.55,0.07602956705385427,0.6170634920634921,1980-1990,52.611111111111114,0.8888888888888888,0.1527777777777778,0.2777777777777778,4
tydetmer/2500379,"Detmer, Ty",1,72,189,1992,14,54,0.9714285714285714,0.027869626830420408,0.5771670190274841,1990-1999,117.61111111111111,1.2407407407407407,0.6296296296296297,0.6481481481481481,3.2777777777777777
tylerbray/2540173,"Bray, Tyler",0,78,215,2013,4,0,0,0,NA,2010+,NA,NA,NA,NA,NA
tylerpalko/2507140,"Palko, Tyler",1,73,215,2007,5,8,0.2857142857142857,0.024067388688327317,0.6,2000-2010,103.875,1.625,0.25,0.875,2.5
tylerthigpen/2507244,"Thigpen, Tyler",1,73,216,2007,8,29,1.1666666666666667,0.14556176288019865,0.5402750491159135,2000-2010,111.10344827586206,1.206896551724138,0.7241379310344828,0.6206896551724138,16.17241379310345
tyrodtaylor/2495240,"Taylor, Tyrod",0,73,215,2011,6,43,2.642857142857143,0.2052101646156305,0.6232394366197183,2010+,145.51162790697674,1.930232558139535,0.8604651162790697,0.32558139534883723,29.86046511627907
vinceevans/2500575,"Evans, Vince",1,74,215,1977,19,100,0.7027027027027027,0.11903004744333158,0.5064748201438849,1970-1980,94.85,1.18,0.52,0.74,11.29
vinceferragamo/2513967,"Ferragamo, Vince",1,75,212,1977,10,75,0.8351648351648352,0.006792519407198307,0.5585139318885449,1970-1980,151.14666666666668,1.2533333333333334,1.0133333333333334,1.2133333333333334,1.0266666666666666
vinceyoung/2506875,"Young, Vince",1,77,232,2006,6,60,0.9019607843137255,0.16276215975011155,0.5789877300613497,2000-2010,149.4,1.3833333333333333,0.7666666666666667,0.85,24.316666666666666
vinnytestaverde/2503284,"Testaverde, Vinny",1,77,233,1987,21,232,1.0339622641509434,0.0349727724383312,0.5650022492127755,1980-1990,198.67672413793105,1.7887931034482758,1.1810344827586208,1.1422413793103448,6.948275862068965
virgilcarter/2511213,"Carter, Virgil",1,73,192,1970,7,42,1.0952380952380953,0.09010377119716527,0.5641891891891891,1970-1980,94.07142857142857,0.9761904761904762,0.5476190476190477,0.5,8.476190476190476
wallyrichardson/2502656,"Richardson, Wally",1,76,225,1997,3,1,0,0,0.5,1990-1999,1,0,0,0,0
