"","Age","Gender","AnnualIncome","NumberOfPurchases","ProductCategory","TimeSpentOnWebsite","LoyaltyProgram","DiscountsAvailed","PurchaseStatus","Event"
"1",40,1,66120.267938678,8,0,30.5686011559919,0,5,1,1
"2",20,1,23579.7735830305,4,2,38.2400966055442,0,5,0,0
"3",27,1,127821.30643165,11,2,31.6332115016041,1,0,1,1
"4",24,1,137798.62311955,19,3,46.167058811663,0,4,1,0
"5",31,1,99300.9642203332,19,1,19.8235918624956,0,0,1,1
"6",66,1,37758.1174746524,14,4,17.8274929345466,0,2,0,0
"7",39,1,126883.385286135,16,3,42.0853835194488,1,4,1,0
"8",64,1,39707.3597240129,13,2,17.1902915390221,1,0,0,0
"9",43,0,102797.301269117,20,1,6.02347455680885,0,3,0,0
"10",20,1,63854.921079982,16,0,38.5724663927768,0,5,1,1
"11",66,1,66199.9939291461,11,1,1.41553196282437,1,5,1,1
"12",70,1,83556.7181330187,11,2,42.1739993257765,0,4,1,0
"13",54,0,114467.228969142,9,2,17.6260436733931,1,5,1,1
"14",64,1,31880.8932231309,17,0,22.7534725162337,1,1,0,0
"15",19,1,107485.660911276,7,1,28.2603212275338,1,4,1,1
"16",70,1,67049.5988089225,2,4,21.8950976088102,0,0,0,0
"17",51,1,129174.208866375,13,4,21.8087760900143,0,0,1,1
"18",18,1,128374.495051886,0,2,16.7682624236766,0,4,0,0
"19",57,0,71740.6880840854,12,2,40.696727424927,0,2,0,0
"20",20,0,121499.006188897,12,3,21.2400522186594,1,0,1,1
"21",59,0,92768.2388729897,3,2,1.03702348107891,0,5,0,0
"22",19,0,116945.39175506,17,3,5.95379124335687,0,5,1,1
"23",46,1,133256.582694197,7,2,41.6854008664606,0,2,0,0
"24",22,1,56597.7557939409,16,4,14.8278353499947,1,1,1,1
"25",31,0,78117.2206948353,13,0,30.3534691855916,0,1,1,1
"26",62,0,108227.094367433,18,3,10.390385955636,0,2,0,0
"27",67,1,102252.544237318,14,1,44.495934190707,0,5,1,0
"28",66,0,97875.7963295496,17,1,54.5935503643718,0,2,1,0
"29",67,1,23792.0692738844,15,4,28.6475067971691,1,5,0,0
"30",48,1,138727.303184911,9,0,13.7152585953184,0,2,0,0
"31",52,1,42589.0071076467,1,1,3.62603331729411,1,5,0,0
"32",63,0,80023.0986957055,11,2,44.969247684174,0,0,0,0
"33",36,0,144947.613102987,12,1,26.1515653268021,0,4,1,1
"34",37,0,101842.500595926,16,3,17.340322469352,0,1,0,0
"35",25,0,139395.436178903,1,0,1.64978814180084,0,2,0,0
"36",40,1,107419.864743254,15,2,28.8819753295875,0,5,1,1
"37",53,1,93069.4632723342,12,3,44.3932249116616,1,0,1,0
"38",30,0,52154.2410564808,15,1,18.9668681599316,0,2,0,0
"39",66,0,124009.225930891,7,4,52.2446170163644,0,0,0,0
"40",43,0,48046.288292939,5,2,29.5391161110521,1,0,0,0
"41",43,1,43303.2295480127,13,3,2.75763973792471,0,5,0,0
"42",68,0,64874.9871042474,9,1,42.1494218616941,0,4,1,0
"43",59,0,123832.844915095,7,2,49.2801612428429,0,1,0,0
"44",45,1,99978.5269700314,15,2,40.627953628876,1,0,1,0
"45",50,1,57327.9345509948,20,1,30.655176821654,1,3,1,1
"46",61,1,114517.379010001,12,1,30.9819595742938,0,0,0,0
"47",62,0,67931.9322124234,11,4,58.2627255729813,0,5,1,0
"48",53,1,67808.7156140477,17,0,32.0959592330613,0,5,1,1
"49",18,1,129969.787158105,14,1,15.8764933944977,0,4,1,1
"50",47,1,104216.267978769,13,1,56.849315793922,1,4,1,0
"51",52,0,40534.1269685952,1,1,54.2882507526444,0,2,0,0
"52",25,0,29263.3746094836,2,3,13.278256041186,0,4,0,0
"53",18,1,38570.537349109,5,3,23.847516844005,0,5,0,0
"54",40,0,33711.580994362,16,4,11.7906901310515,1,4,0,0
"55",22,0,32401.9060507174,10,0,42.616025841453,0,3,1,0
"56",35,0,80147.8286585012,12,2,40.9703379001584,0,0,1,0
"57",32,1,90421.6256133005,15,3,58.7562538110741,0,0,1,0
"58",42,1,108080.494769664,9,1,21.0418644902956,0,3,0,0
"59",47,1,75279.6641069002,8,2,51.8509395359772,0,4,1,0
"60",31,0,95411.5485070291,12,0,57.8106064165042,1,2,1,0
"61",33,1,26258.5686771859,19,3,12.9227752291047,0,5,0,0
"62",23,0,118155.450737016,16,2,1.40360414075345,0,2,0,0
"63",52,1,116034.009594454,0,4,21.4204015097,1,3,1,1
"64",66,1,118928.798803652,16,1,41.0543528941383,0,2,0,0
"65",55,0,56724.4885764708,15,0,54.9948611404987,0,4,1,0
"66",59,1,77136.5195222783,6,3,54.918701128986,0,3,1,0
"67",62,1,62288.367422994,8,0,11.5997609843739,0,0,0,0
"68",40,1,124336.138345376,10,2,6.45848064980257,0,0,0,0
"69",57,1,56722.2367170135,1,3,7.7368430339908,1,1,0,0
"70",45,1,101410.461784738,19,4,25.4337593601668,1,2,0,0
"71",33,1,53837.2914835804,16,4,18.6110927864228,1,4,1,1
"72",70,0,119425.274117389,4,3,45.3558806546681,0,5,0,0
"73",43,0,86607.2910809528,14,4,40.2733795369316,0,2,0,0
"74",42,1,25069.4816347385,15,1,1.79730489606477,0,1,0,0
"75",43,1,66806.5605671272,20,4,55.5920034927962,1,0,1,0
"76",65,0,36226.7058156903,12,4,30.7072971665818,1,1,0,0
"77",68,1,118640.912988452,13,2,11.4759172630801,0,5,0,0
"78",40,1,118450.326927477,9,3,43.4551742602122,1,5,1,0
"79",64,1,118052.27375867,11,3,56.2092064299485,0,3,1,0
"80",24,1,22837.0415808136,17,2,18.8413486779314,0,4,0,0
"81",22,1,86465.8100860977,20,2,53.631472752372,0,3,1,0
"82",40,0,98472.8360727188,20,0,53.0518697802251,0,2,0,0
"83",25,0,44363.5527326857,4,3,7.01161348432162,1,1,0,0
"84",68,0,41751.7695201379,19,3,14.8120572332678,0,3,0,0
"85",68,0,55711.495956226,15,3,22.1810453166766,0,5,0,0
"86",43,0,33234.4787834398,20,1,51.3544676389506,0,4,0,0
"87",23,1,39149.3957562661,2,1,26.4255388545813,0,4,0,0
"88",26,1,107636.938419688,1,2,14.3773193870033,0,0,0,0
"89",35,1,70116.5476157999,4,4,40.4515822089757,1,2,1,0
"90",70,0,85814.5877343764,19,0,13.0784477830499,1,0,0,0
"91",31,1,67812.1784082999,6,3,49.3060618126673,0,1,1,0
"92",43,0,118837.677005878,3,1,8.36733453744944,1,0,0,0
"93",43,1,69986.4725938256,19,2,55.4672653285366,1,4,1,0
"94",27,1,103956.910217243,2,0,32.5924320297603,0,1,0,0
"95",36,1,144485.531960896,19,2,31.0128245030332,0,4,0,0
"96",31,1,115923.037412999,2,1,35.6181390190732,0,1,0,0
"97",58,1,111633.23130564,8,1,44.2374618990725,0,5,1,0
"98",47,1,49291.2008936606,13,4,1.28723605167469,0,4,0,0
"99",29,0,64518.2372485127,6,3,54.118422134895,0,1,1,0
"100",44,0,114377.388298088,16,0,5.61979855829389,1,5,1,1
"101",54,1,90906.1430228977,3,1,51.6301965765726,1,0,0,0
"102",24,0,98084.6386512863,19,0,4.63880043363649,0,0,0,0
"103",54,0,28320.8250591207,3,1,47.3154033362875,1,4,1,0
"104",55,0,29911.0983365634,15,2,34.0233287197705,0,5,0,0
"105",29,0,149326.508215574,20,4,3.56256807690261,0,3,1,1
"106",23,0,142681.207066629,12,2,25.5004248167964,0,2,0,0
"107",25,1,65146.015073966,6,1,38.4902473214753,0,4,1,1
"108",54,1,113399.013151932,11,0,29.6522133078954,0,1,0,0
"109",18,1,26716.9338155349,6,3,29.2187363831515,0,0,0,0
"110",34,1,145241.276447762,10,2,28.6297348959267,0,2,0,0
"111",62,1,93492.9330943093,0,0,26.3608355148462,0,3,0,0
"112",70,1,59135.9901184607,5,3,18.8580734123465,0,0,1,1
"113",58,1,90382.9889551861,5,3,41.273357507097,0,2,0,0
"114",36,0,29825.8698010287,5,0,42.942765497172,0,4,1,0
"115",23,1,20017.5100905831,5,3,23.9318102895861,0,5,0,0
"116",52,0,22722.8449340187,18,2,50.1490215725231,0,3,0,0
"117",33,0,96410.0169120858,14,1,21.2592895848998,0,0,0,0
"118",47,0,43065.7400310619,7,0,17.2264615767801,1,2,0,0
"119",40,1,36167.8918700663,20,0,49.7106020695139,0,2,0,0
"120",52,0,69898.2837512957,12,1,43.3249936697154,0,4,1,0
"121",57,1,112561.822643002,8,0,18.0590663867069,1,0,0,0
"122",64,1,132261.177926891,13,3,35.3057829277888,0,1,0,0
"123",43,0,45897.9857362269,1,4,24.7984939965548,0,2,0,0
"124",41,0,70461.5417965094,11,2,40.9832109259442,1,1,1,0
"125",65,1,26529.3814903166,18,3,6.58617843978291,0,4,0,0
"126",68,1,30007.3307184456,19,3,9.67388233908694,1,5,0,0
"127",19,1,24590.4761422311,1,3,14.9710575419146,0,5,0,0
"128",38,0,115929.261136023,20,3,44.2293108483776,0,5,1,0
"129",53,1,30017.576287463,14,3,35.3520094793526,0,4,0,0
"130",64,0,112523.964746986,9,4,16.400675100615,1,4,1,1
"131",70,1,86224.8766594727,13,0,56.3220261763789,0,2,0,0
"132",21,1,36652.447027606,16,4,44.2849275815025,1,2,1,0
"133",58,1,143569.036836206,20,1,53.436044492015,0,4,1,0
"134",56,0,95610.8980885952,5,4,35.6535196833387,0,1,0,0
"135",32,0,88939.2773223906,18,1,31.7322611793401,1,1,1,1
"136",18,1,34941.2896177437,4,1,51.1184013657848,0,1,0,0
"137",22,0,37476.5668230558,2,1,13.2883828340592,0,3,0,0
"138",64,0,130545.240145586,18,2,40.646592137696,0,3,1,0
"139",68,0,21910.140525144,10,1,27.6888292702443,1,1,0,0
"140",39,0,126226.658462026,19,2,20.8421775704112,0,3,1,1
"141",44,1,121888.779522934,18,2,23.2535487152704,0,2,0,0
"142",70,1,86446.7881008399,2,1,27.1783853747504,1,2,0,0
"143",50,0,136101.726675404,13,1,55.2060909834508,0,2,0,0
"144",43,1,114767.538015256,12,2,50.4096027952493,0,2,0,0
"145",25,0,72231.2440850621,0,2,16.8267711764163,1,3,1,1
"146",60,0,54492.3978822107,14,2,18.1055609953487,0,4,0,0
"147",65,1,55499.2052964656,20,4,12.7780996519351,0,5,0,0
"148",31,0,51356.1894879404,13,4,32.9403956653718,0,1,1,1
"149",52,1,149123.152004985,8,3,47.4084247790589,0,2,0,0
"150",38,1,56530.5848581328,9,3,43.5522435824361,1,5,1,0
"151",57,1,79069.0534927949,8,4,43.2216223013354,0,2,0,0
"152",55,1,37596.0306960991,18,1,42.4228714461853,1,4,1,0
"153",40,1,31322.0596834503,20,1,9.33337818356688,0,2,0,0
"154",65,0,57988.3699600467,5,0,49.2797300569235,0,3,0,0
"155",46,0,84195.8252594007,12,1,13.3556425784894,0,3,0,0
"156",43,0,101042.774560727,14,4,1.59675146798931,0,5,0,0
"157",28,0,114836.069724812,20,1,4.1215385629692,0,2,0,0
"158",49,1,135205.45146046,20,3,6.45918470763643,0,0,0,0
"159",32,1,58387.7642262326,15,1,36.4357911220438,1,5,1,1
"160",69,1,120245.966060745,13,4,33.5869683450824,0,2,0,0
"161",40,0,136232.259329323,0,4,4.72810847719646,0,3,0,0
"162",34,1,102069.981901959,16,4,41.1183308952732,1,5,1,0
"163",26,1,107903.083069806,7,2,20.9780625176453,0,1,0,0
"164",68,0,102507.265523012,6,0,52.1206127316934,0,1,0,0
"165",64,0,72985.9471145962,1,1,50.1583079273418,0,4,0,0
"166",44,1,85798.4421692317,9,0,20.9556270717198,0,3,0,0
"167",18,0,29053.3492611127,17,1,35.6862371687941,0,3,1,1
"168",47,0,73287.6356605175,9,0,57.5859702946618,0,3,1,0
"169",53,0,55997.5833591152,17,2,13.4013261544119,1,1,0,0
"170",50,1,76422.5176026038,12,4,15.6790267614357,1,4,1,1
"171",51,0,85052.1489423262,12,4,30.4813105866913,0,4,1,1
"172",33,0,79662.2671575866,4,4,36.7930302567762,1,2,0,0
"173",53,1,21575.7007037061,10,4,59.9008066376864,0,1,0,0
"174",52,0,79310.7461642205,3,2,11.4099464577507,0,0,0,0
"175",27,0,145689.914973907,18,4,22.548447649156,0,3,1,1
"176",40,0,30850.3310486198,7,3,35.5109227447446,1,4,1,1
"177",39,0,98812.8819076271,3,2,46.304705454389,1,5,1,0
"178",20,0,76422.7264521387,13,4,41.9387155839753,1,1,0,0
"179",69,1,41411.8259461985,16,3,37.8008798391681,1,5,1,1
"180",57,0,86801.0803468798,7,0,24.026986611125,0,5,0,0
"181",52,1,34798.9911519582,5,1,6.52434070668413,1,1,0,0
"182",31,0,122381.381161641,1,2,42.8191566294631,0,4,1,0
"183",56,1,48679.5538524575,17,1,10.1105296948136,0,3,0,0
"184",45,0,103533.475939575,5,3,27.5309416538395,0,4,0,0
"185",53,0,99329.2694320934,3,2,54.7919430521563,1,0,0,0
"186",38,1,30549.3932097111,0,0,54.2499847757342,0,2,1,0
"187",21,1,82574.7397125921,9,0,24.6677302000161,0,0,0,0
"188",37,0,122519.945407413,5,3,21.3414162470926,0,5,0,0
"189",66,0,41090.3427517223,3,1,16.379834306695,0,5,0,0
"190",54,0,97162.9215992422,11,2,32.2447881620478,1,1,1,1
"191",36,0,123789.444267386,2,1,54.0712531406823,0,5,1,0
"192",21,0,73640.8393103211,3,3,31.3591456305496,0,3,1,1
"193",47,1,58647.8027399534,6,0,47.6434856087782,0,5,0,0
"194",24,0,94343.3952595343,2,3,40.1960226297353,1,2,1,0
"195",32,0,134714.127892954,7,1,16.7076585884298,0,2,0,0
"196",22,0,147050.028038895,2,0,29.4551881157764,0,2,0,0
"197",50,0,81923.6453291428,5,0,33.09776795238,0,4,0,0
"198",27,0,120479.792643895,19,2,15.7433687794231,0,1,0,0
"199",43,1,147283.64194197,12,0,48.0148326462953,0,3,1,0
"200",22,0,87622.0860003977,2,1,24.942913439816,0,2,0,0
"201",48,0,35383.7048200404,10,1,53.0365577532958,0,3,0,0
"202",66,1,141127.983526266,0,1,1.12886442857768,0,3,0,0
"203",41,1,108740.238759042,8,1,37.6985421397299,0,0,0,0
"204",58,1,122052.150698817,17,4,21.2547571825487,0,2,0,0
"205",39,1,106829.599844472,9,0,44.3665427972008,0,1,1,0
"206",68,0,63219.3004293326,20,2,55.6932454459831,1,4,1,0
"207",63,0,73773.5477394226,7,3,4.5404833627517,1,3,1,1
"208",27,0,56955.6320805772,3,1,50.3670514824834,0,0,0,0
"209",66,0,60536.0973010837,16,2,55.9572605632042,1,0,1,0
"210",42,0,42778.8303737576,17,3,59.9853422423136,0,3,0,0
"211",44,1,126873.410878029,7,4,23.2434550055659,0,4,0,0
"212",70,0,115856.420060414,9,2,19.0429971657362,0,3,0,0
"213",39,1,84715.6260444577,9,0,56.5116997821878,0,4,1,0
"214",49,0,118377.695739523,19,4,7.82984272853315,1,5,1,1
"215",38,1,101457.026442117,14,4,57.6528662705867,0,3,1,0
"216",61,0,109107.704818847,13,2,4.43483321244504,1,4,1,1
"217",23,0,97095.7634442819,13,4,24.5665044628204,1,3,1,1
"218",43,0,63450.9814304879,13,3,3.02978929875404,0,1,0,0
"219",36,0,44193.184320016,17,3,11.4951594653355,0,0,0,0
"220",69,1,125530.072451718,14,1,25.9854385457106,1,4,1,1
"221",29,0,145204.964506593,4,4,47.2720066590963,0,4,1,0
"222",54,1,142288.301864994,15,3,9.58552072285807,1,5,1,1
"223",66,1,124832.470240269,11,3,39.3566801817336,0,3,1,1
"224",42,0,109457.51179125,1,2,5.17669472465929,0,4,0,0
"225",50,0,37571.617590127,13,2,28.3537023862635,0,2,0,0
"226",21,0,76396.2645449488,18,2,52.572437963524,1,5,1,0
"227",35,0,20996.3242443993,0,2,15.2227964055475,0,4,0,0
"228",19,1,28862.4002201142,19,3,49.6770838294252,0,4,1,0
"229",45,1,135727.950342703,14,2,40.9118564660522,1,0,1,0
"230",40,1,116574.594176832,10,2,5.50184479627069,0,4,1,1
"231",18,1,61002.8964472417,0,2,46.8367311440875,0,1,0,0
"232",27,0,106996.03418195,1,4,58.8847598462971,0,5,1,0
"233",23,1,23035.7725226642,17,0,53.4298847163545,0,2,0,0
"234",64,1,62207.8704957078,2,0,41.9379265506682,0,0,0,0
"235",42,0,76224.7241829172,9,4,24.4796604364647,0,4,0,0
"236",38,1,30519.5067966628,4,4,59.8937945522714,0,3,0,0
"237",45,1,129459.811875708,1,2,41.4534532066468,0,3,0,0
"238",25,1,60735.2292860686,8,4,21.5833545797121,0,5,1,1
"239",32,1,51451.1184410188,4,4,32.8646799934096,0,4,1,1
"240",18,1,118931.030054401,1,2,33.4313922057381,1,0,1,1
"241",48,1,146863.588138307,6,0,17.7594449533853,0,2,0,0
"242",20,1,59303.3224156942,18,1,6.56945107832769,0,4,1,1
"243",39,1,140524.381751596,13,2,53.3824374329799,0,5,1,0
"244",57,1,79069.0534927949,8,4,43.2216223013354,0,2,0,0
"245",28,0,53070.9055094401,0,1,18.8547677927965,1,2,0,0
"246",70,0,126922.473272467,12,2,41.176244192811,1,4,1,0
"247",43,0,89293.7527419982,10,4,57.2456659598567,1,4,1,0
"248",70,0,123568.581634878,5,3,31.1302960823838,1,0,0,0
"249",18,1,24995.4253651023,15,3,30.3365225061797,1,2,1,1
"250",59,1,86588.8497056477,6,1,3.83665914070056,0,2,0,0
"251",38,0,144269.447764191,17,1,34.1549384896011,0,4,1,1
"252",68,0,134789.19722787,3,0,5.46219146623842,0,3,1,1
"253",65,0,65922.6831052683,15,3,34.861819031256,1,0,1,1
"254",50,0,113878.620609268,15,0,32.9542184451107,0,5,1,1
"255",22,0,29992.0697859013,1,1,26.4282844867742,1,4,0,0
"256",48,1,130295.299281768,19,3,57.5168124672232,1,2,1,0
"257",52,0,46909.0351969955,7,0,30.4474108283488,0,3,0,0
"258",65,0,100913.77340358,17,1,56.9239430779451,1,4,1,0
"259",53,0,55985.8600128698,15,3,53.2480071715523,0,5,1,0
"260",51,1,30094.4135073087,15,1,40.2856082067604,0,1,0,0
"261",51,1,78415.4664651535,9,1,47.9906544027308,0,4,1,0
"262",28,0,55151.1272299883,17,1,34.0173944830387,1,0,1,1
"263",37,1,104411.902194995,3,4,5.62129625380389,0,5,1,1
"264",61,0,81997.0138408361,1,3,36.9925573820073,0,4,0,0
"265",33,0,33082.8722080593,15,2,7.9019997367302,1,1,0,0
"266",61,1,28540.3316640676,3,4,40.1043582318762,1,0,0,0
"267",57,0,135943.378825396,9,4,13.1919479086106,0,3,0,0
"268",18,0,86356.2235705502,11,1,35.4009933809065,1,0,1,1
"269",25,0,111342.390501117,18,1,44.9920716187096,0,2,1,0
"270",43,1,147555.028791335,17,4,52.525341522206,0,5,1,0
"271",68,0,136365.30629185,6,2,2.94770421811931,0,0,0,0
"272",43,0,101042.774560727,14,4,1.59675146798931,0,5,0,0
"273",30,0,130105.951046918,16,2,27.1750991791158,0,1,0,0
"274",50,0,41425.9260448268,6,0,29.8650928242387,1,2,0,0
"275",56,1,115264.200819613,6,1,57.2172289610645,0,3,1,0
"276",24,1,142778.315750259,19,4,45.5485644741548,1,4,1,0
"277",67,0,110024.067466999,8,3,31.6614168378722,0,5,1,1
"278",50,1,109555.089266512,20,0,1.21844200311259,1,3,1,1
"279",30,1,64611.7559124456,12,1,40.7135695393472,0,2,1,0
"280",56,1,87768.4861950381,4,1,22.018743781623,0,3,0,0
"281",60,0,84072.3959781681,4,4,23.1975333233103,0,2,0,0
"282",57,1,57765.5857372847,9,3,30.3542296456197,1,3,1,1
"283",30,0,55902.0425167169,19,1,25.268487129543,0,4,1,1
"284",35,1,126987.89465543,6,4,44.6610502093346,0,3,0,0
"285",29,1,67976.8928289192,16,4,57.3982871709028,0,3,1,0
"286",37,1,125816.135035782,14,4,27.322806130973,0,4,1,1
"287",22,0,115866.389933793,16,4,37.6523652983299,1,2,1,1
"288",27,0,90753.0155947807,20,2,51.6663695109418,0,5,0,0
"289",43,0,144286.128669551,5,4,38.3914911442298,0,4,0,0
"290",29,0,127092.749948768,7,4,55.9678957357821,0,3,1,0
"291",49,0,97118.80411396,0,4,52.0523789928604,0,1,0,0
"292",34,1,58300.5215250051,17,3,9.10089913335466,1,1,1,1
"293",29,1,116187.535699701,2,1,56.7731153748466,1,3,1,0
"294",40,0,87520.1617355119,15,0,50.8069678536208,1,1,1,0
"295",25,0,40658.061797016,18,3,4.28795115635808,0,4,0,0
"296",51,1,61286.2833839452,4,0,15.0543566930614,0,0,0,0
"297",32,0,113515.970907991,5,0,55.1351487811843,1,2,1,0
"298",48,0,38537.2387306481,3,4,4.68421222346152,0,0,0,0
"299",36,1,117347.42380523,16,2,12.3086078109862,0,3,1,1
"300",65,1,55499.2052964656,20,4,12.7780996519351,0,5,0,0
"301",38,0,66615.1999982335,14,1,27.0725628537566,0,2,0,0
"302",42,1,27417.1137496631,19,1,52.2685871962329,0,0,0,0
"303",58,0,85760.8500837378,18,3,27.5071982704423,1,1,0,0
"304",53,0,29230.9963893232,19,1,30.103568812975,0,0,0,0
"305",50,0,41425.9260448268,6,0,29.8650928242387,1,2,0,0
"306",50,0,90082.2918556811,11,1,46.922014514986,0,3,1,0
"307",56,1,48679.5538524575,17,1,10.1105296948136,0,3,0,0
"308",29,1,38095.5711749404,14,3,49.6896713324787,1,4,1,0
"309",23,0,126812.796702361,15,1,17.1756782226657,0,1,0,0
"310",30,0,35795.1789191193,18,0,4.22689729999979,0,1,0,0
"311",40,1,36414.4164033854,8,1,48.5225106993946,0,5,0,0
"312",66,0,143685.875347038,14,3,52.5940310937349,0,2,0,0
"313",33,0,79564.295275926,3,0,26.9706393931344,0,5,0,0
"314",42,0,46061.6870186924,5,0,9.289930883407,1,0,0,0
"315",20,0,44443.2155000041,9,2,11.4637303379248,1,0,0,0
"316",25,0,40658.061797016,18,3,4.28795115635808,0,4,0,0
"317",67,0,80311.0789856033,18,1,32.9795971103164,0,5,1,1
"318",54,0,120704.959053554,15,4,30.1109953243903,1,1,1,1
"319",46,0,38573.8749741235,9,3,58.2558743841617,0,4,0,0
"320",42,1,35626.9397856749,19,2,54.6346900309072,1,0,0,0
"321",30,1,131433.303409838,1,4,8.40934405989948,0,0,0,0
"322",50,0,74383.4023332964,13,1,52.0953682501569,0,2,0,0
"323",21,0,85774.5280055411,9,2,44.5050053498096,0,1,1,0
"324",67,0,73836.8678287605,0,3,35.3694928690034,0,1,0,0
"325",38,0,132143.261249393,14,0,42.5463578154867,0,4,1,0
"326",64,1,74941.7956117692,2,3,49.6318111694496,1,2,0,0
"327",48,1,66830.4094440556,0,0,17.9192457759151,0,3,0,0
"328",58,1,133454.932562998,5,3,58.9531075952603,0,3,0,0
"329",46,0,50866.3508887248,19,0,59.7415245177397,1,0,1,0
"330",68,0,104526.14201176,8,0,42.2725211993159,0,0,0,0
"331",66,1,117249.513325839,3,4,7.32612125830076,0,2,0,0
"332",56,1,106914.444073979,13,1,58.3526807929989,1,0,1,0
"333",65,1,131818.160135427,0,2,14.0212454123348,1,1,0,0
"334",24,0,35990.4283660869,11,1,3.19608056959042,0,2,0,0
"335",20,0,53787.6473015683,12,1,36.5168998254927,0,3,1,1
"336",45,1,145322.262925301,16,3,34.3706081371346,0,0,0,0
"337",40,0,71551.9786586952,10,3,32.6039436419586,0,3,1,1
"338",49,0,87170.7900794148,3,4,11.3592068804424,0,0,0,0
"339",61,1,33701.1183540147,6,0,27.8523296309334,0,2,0,0
"340",36,0,42558.1869482461,9,1,14.1575795884902,0,2,0,0
"341",56,1,59513.0321612941,15,2,11.0617448849953,1,3,1,1
"342",64,1,145821.804529854,1,0,16.2787346964735,0,1,0,0
"343",25,0,79992.0704012154,20,3,18.6963708980858,0,1,0,0
"344",29,0,92161.0434092972,12,4,3.7255925088961,0,5,1,1
"345",26,1,57555.0420581915,7,4,44.9982902872002,0,2,1,0
"346",66,1,69452.0713661532,12,0,40.1779489535677,0,1,0,0
"347",46,0,20001.5125181976,4,2,8.37243739895706,1,4,0,0
"348",56,1,29250.5770725463,18,4,3.94201001315655,0,2,0,0
"349",44,1,23308.2087877476,1,0,7.04728342216356,1,1,0,0
"350",35,1,134345.641143699,6,0,3.18968587777583,1,4,1,1
"351",28,1,119388.613305113,4,1,39.2753731936683,1,5,1,1
"352",36,0,51446.1976736491,6,3,3.04439187902701,1,2,1,1
"353",26,1,26806.1526243714,17,4,20.8472296807717,1,2,0,0
"354",31,1,79500.9486707082,16,1,43.1591784194962,0,2,1,0
"355",41,0,40809.3125440945,20,1,47.6904122282503,0,1,0,0
"356",21,0,87334.8686026353,4,4,33.4907389967682,1,4,1,1
"357",56,0,21317.0539236066,7,1,24.050918688956,0,4,0,0
"358",39,1,91438.8396663522,3,2,56.8659315841204,0,1,0,0
"359",66,1,111592.075643568,2,2,27.295815624558,0,5,0,0
"360",62,0,139460.449373142,10,2,21.1631816972297,0,0,0,0
"361",41,1,119377.294649816,18,4,33.7988090073849,0,3,1,1
"362",32,0,79756.433152346,6,3,23.8954499813965,1,3,1,1
"363",62,0,139162.580659357,14,3,40.201003408968,1,4,1,0
"364",46,1,22494.9959869974,14,3,56.919967894853,1,1,0,0
"365",48,1,122216.165919924,19,0,8.17471030153537,0,2,0,0
"366",59,0,130046.864029736,10,4,26.062217149927,0,3,0,0
"367",45,1,65808.7430592551,14,1,22.1648941532198,0,5,0,0
"368",53,1,95890.4614668345,2,3,31.5383684381747,1,0,0,0
"369",43,0,145903.54108727,1,2,5.19120786279713,0,4,0,0
"370",41,1,66214.0913573765,20,4,4.20653780257077,0,0,0,0
"371",38,1,39662.0877355415,16,1,58.3978053609413,1,1,1,0
"372",54,1,21152.227064751,7,3,44.3798217621008,0,1,0,0
"373",49,1,21213.1105775221,11,0,18.6738228572789,0,3,0,0
"374",34,1,121447.515390895,17,2,58.3788272423861,0,5,1,0
"375",64,1,21177.0410054482,3,3,27.8819113059568,0,3,0,0
"376",60,0,137318.929947159,11,2,10.9829800489579,0,5,0,0
"377",35,0,39506.326410218,18,1,17.7440786394514,1,4,1,1
"378",63,0,116261.897153957,12,4,44.0776810788091,0,4,1,0
"379",41,1,52288.913848074,5,1,6.97529130602938,0,4,1,1
"380",37,0,133095.990754199,14,4,16.1579427968453,0,2,0,0
"381",53,0,134440.91907936,4,2,11.3447202412347,0,4,0,0
"382",37,1,38292.4986463386,9,4,49.3348185140428,0,0,0,0
"383",54,1,81098.4748605318,6,0,16.5217217655273,0,3,0,0
"384",66,0,84161.0554442154,12,1,53.7464246770916,0,0,0,0
"385",37,0,70632.6463373147,20,0,27.0977920249627,1,4,1,1
"386",59,0,130046.864029736,10,4,26.062217149927,0,3,0,0
"387",49,0,55204.8226448064,11,0,15.6747982336469,1,2,0,0
"388",43,1,144512.674128467,18,0,46.9894979961872,1,1,1,0
"389",61,1,124930.219857435,13,4,24.0292209764317,0,5,0,0
"390",58,0,104626.550729624,1,1,59.8806698779374,0,3,0,0
"391",37,0,65154.6324136495,10,4,28.0636018243848,0,1,0,0
"392",51,1,96466.2947032908,3,4,39.8190196611159,1,3,1,1
"393",45,1,79846.5752562504,3,1,17.2809808612741,0,1,0,0
"394",42,0,91351.6264600563,6,1,29.4137592729424,0,3,0,0
"395",21,0,46342.2424375946,0,0,35.0467786683165,0,2,0,0
"396",19,1,105381.413614158,14,3,34.4791492733705,0,5,1,1
"397",41,0,45868.9780647268,6,3,48.9185956502723,0,5,0,0
"398",56,0,99951.6858450527,13,2,33.1944512331495,1,4,1,1
"399",25,1,28581.2797382314,12,2,52.575966367442,1,1,1,0
"400",39,1,32791.4344627417,18,2,1.13708096178389,0,1,0,0
"401",59,0,65232.3835056817,11,1,35.2979401637782,0,0,0,0
"402",28,1,35405.3410677597,11,0,53.4424508052117,0,5,1,0
"403",46,0,32041.3127966777,16,1,51.4225225215202,0,2,0,0
"404",61,1,64964.0698959215,15,4,27.2220165026184,0,4,0,0
"405",69,1,127377.167652051,12,1,27.6258254534808,0,4,0,0
"406",60,0,28128.4184465699,18,0,10.8390918634888,0,2,1,1
"407",66,1,23405.5721091684,2,1,38.2950871930234,1,4,0,0
"408",55,1,102467.279553319,4,3,26.881398549863,1,4,0,0
"409",50,0,32201.4470270363,16,2,32.4379808047123,1,3,1,1
"410",21,1,115369.869472982,10,2,45.4340119836008,1,0,1,0
"411",19,1,120009.636173374,9,0,43.9196910858811,0,5,1,0
"412",43,0,57392.2547756782,10,4,41.1534436402822,0,0,0,0
"413",49,0,53708.5786525506,20,2,52.8007245674799,0,1,0,0
"414",39,1,32791.4344627417,18,2,1.13708096178389,0,1,0,0
"415",44,0,86086.8710991164,16,4,28.9704995823636,0,3,0,0
"416",58,1,95025.9361849817,18,0,10.1455113775885,0,0,0,0
"417",61,0,134267.257036695,16,1,7.96235557054312,0,1,0,0
"418",40,1,144549.552415519,18,0,38.1803300083354,1,4,1,1
"419",45,1,79846.5752562504,3,1,17.2809808612741,0,1,0,0
"420",25,1,111148.147274272,17,4,51.1407136712244,1,1,1,0
"421",52,0,107622.589477643,19,2,48.2908281824255,0,1,0,0
"422",47,1,146984.042706386,5,2,15.0160408594984,0,5,0,0
"423",22,1,51251.8586761559,4,1,46.0908442860943,0,0,0,0
"424",52,1,93329.6237483573,1,3,53.4234640229446,0,2,0,0
"425",29,0,62263.5220061209,19,4,4.2705463475328,0,2,0,0
"426",55,1,58921.4264883186,18,2,13.1079851503502,1,0,0,0
"427",68,1,98250.0460319671,10,4,40.6860162680806,0,5,1,0
"428",37,0,44092.9233387329,14,2,43.9246492065784,0,3,1,0
"429",25,0,114048.2163205,8,0,24.8649728026627,0,3,1,1
"430",68,1,121482.123265322,13,0,4.5355841639438,0,0,0,0
"431",31,1,58407.8210720646,8,4,52.8460448969389,0,3,1,0
"432",28,0,91035.9410901202,18,3,20.3876560293107,0,4,1,1
"433",43,0,113869.221966356,12,0,16.3790376351433,0,2,0,0
"434",64,1,31880.8932231309,17,0,22.7534725162337,1,1,0,0
"435",27,1,78533.0519985757,17,4,40.664676498276,0,1,1,0
"436",68,1,104789.153740911,11,4,44.0654876378634,0,0,0,0
"437",50,0,92821.8638500395,20,0,51.334562142704,0,4,1,0
"438",24,0,113122.040448149,16,4,58.5890754277747,0,1,1,0
"439",23,1,38304.3833560479,17,4,55.8577116351997,0,5,1,0
"440",19,1,68792.8880295483,14,0,4.1681276373591,0,3,1,1
"441",51,1,34635.4507535518,19,3,8.29776018621188,1,5,0,0
"442",70,1,44197.6667079352,4,4,16.5936854136515,1,4,0,0
"443",33,1,58989.484495908,16,0,43.989584316697,1,5,1,0
"444",25,1,94019.0569536968,0,2,9.77971415657239,1,1,0,0
"445",28,1,90853.499456602,8,3,14.1931445677672,1,0,1,1
"446",60,0,139729.287742555,11,3,31.3526936296908,0,4,1,1
"447",59,1,126929.523269946,19,4,43.9262190904998,1,2,1,0
"448",68,0,136365.30629185,6,2,2.94770421811931,0,0,0,0
"449",22,0,37476.5668230558,2,1,13.2883828340592,0,3,0,0
"450",31,1,139371.081267807,6,0,38.718432887262,1,3,1,1
"451",45,0,67397.1846656802,5,1,18.3338737686053,0,3,0,0
"452",39,1,75573.65942968,12,4,49.0859036838927,1,3,1,0
"453",45,0,147447.936322484,14,0,23.552001880855,0,4,1,1
"454",46,1,133256.582694197,7,2,41.6854008664606,0,2,0,0
"455",57,0,68324.1286323046,15,2,51.6080846013757,0,2,0,0
"456",26,1,29370.9636798275,10,3,14.1146832316765,0,2,0,0
"457",44,0,86086.8710991164,16,4,28.9704995823636,0,3,0,0
"458",54,0,90782.7032640342,19,4,5.19553178459277,0,4,0,0
"459",35,0,55353.464396722,4,0,5.81910612711488,0,5,0,0
"460",33,0,21964.3889478818,9,1,38.8346768461553,1,2,0,0
"461",28,0,37455.7306172958,1,1,26.3062186101289,0,0,0,0
"462",61,1,114517.379010001,12,1,30.9819595742938,0,0,0,0
"463",65,0,131483.103895967,16,0,40.5810283331124,0,0,0,0
"464",33,0,33082.8722080593,15,2,7.9019997367302,1,1,0,0
"465",31,1,53740.4318128917,9,4,2.04106445053774,0,0,0,0
"466",63,1,52182.7701363852,7,3,1.91439626774523,1,0,1,1
"467",24,0,77225.8697342138,7,3,53.5702792950655,1,1,1,0
"468",35,0,107883.417446831,17,2,23.1308649137826,0,5,0,0
"469",18,1,149785.176481083,10,0,38.9794685731718,0,5,1,1
"470",38,1,117653.146215094,12,4,30.6875708560293,1,4,1,1
"471",55,0,21290.0967466186,11,4,54.843361389892,1,4,1,0
"472",44,1,109312.504645422,1,1,45.0869321443335,1,1,0,0
"473",47,0,85081.1548491543,7,3,18.0017068501531,0,0,0,0
"474",24,1,63426.49553694,5,3,46.1509609229005,1,3,1,0
"475",28,0,146829.326111789,6,4,2.27708811947203,0,3,1,1
"476",46,0,86625.3443401431,7,1,58.8354112611734,1,3,1,0
"477",48,0,72923.8435863316,12,0,57.3109440389434,1,1,1,0
"478",37,1,58130.1194014734,9,0,54.2126647331844,0,3,1,0
"479",20,1,73223.5693362124,5,4,1.88632997685341,0,1,0,0
"480",62,0,60458.2743582412,20,3,43.3543642525638,0,1,0,0
"481",56,1,73059.7198126708,2,4,10.8807589424525,0,0,1,1
"482",62,1,119959.961673993,4,3,30.0808808494916,0,5,0,0
"483",49,0,57370.0164366425,5,3,1.27803310581223,0,4,1,1
"484",49,0,52068.252387811,9,1,28.0068852128066,0,3,0,0
"485",57,0,86801.0803468798,7,0,24.026986611125,0,5,0,0
"486",51,1,22848.7327407512,11,4,49.9363033556048,1,3,0,0
"487",28,1,72663.3502885836,17,1,58.9319312620795,1,0,1,0
"488",19,0,118721.774114335,4,0,13.8457690291352,1,4,1,1
"489",68,0,27561.2934157119,6,1,7.04922269544028,0,0,0,0
"490",29,0,77242.0443878854,4,0,38.9405986188617,0,5,1,1
"491",23,0,39343.476022665,13,4,36.7767809020001,0,4,1,1
"492",25,0,79539.4486704643,1,4,4.36859087008315,0,2,0,0
"493",46,1,135971.00956223,1,3,20.3856673312054,1,1,0,0
"494",31,0,78472.0043467719,5,2,36.7394701007351,1,4,1,1
"495",29,0,87350.239611046,18,2,45.2821056614705,0,3,1,0
"496",58,0,148935.293675417,10,1,53.9906402443859,1,2,1,0
"497",26,0,58681.2986714467,15,2,52.6654225275802,0,1,1,0
"498",68,1,111501.421912463,9,2,38.0115340836055,0,2,0,0
"499",39,1,55715.0983175375,16,0,55.6732676793253,0,3,1,0
"500",30,1,36984.8046970502,16,0,48.247358590733,0,1,0,0
"501",45,0,126073.10206592,19,0,31.1206954166318,1,1,1,1
"502",50,1,138026.843191351,10,3,48.3791924852808,0,4,1,0
"503",69,1,53488.9386433838,5,3,47.0537908234355,0,0,0,0
"504",64,0,131245.843657752,15,2,43.837618237686,0,0,0,0
"505",47,0,112813.842225857,9,1,45.2272427788786,0,3,1,0
"506",42,0,41574.1363884521,16,3,31.7320485284032,0,5,0,0
"507",61,0,137229.058977605,16,3,57.0681138104347,1,5,1,0
"508",55,1,103261.88548286,10,3,42.4371737857627,0,0,0,0
"509",25,0,58389.1920843383,14,4,2.52786814471962,1,5,1,1
"510",42,1,111726.162143697,14,0,36.8007808534589,1,0,1,1
"511",45,1,23275.1438146998,19,4,12.8372933186478,1,3,0,0
"512",25,0,146360.6928521,7,3,57.7705616968407,0,1,1,0
"513",55,0,105042.69819163,6,4,38.2359046456419,0,5,1,1
"514",64,1,29477.2385978275,6,1,2.93854516668338,0,1,0,0
"515",44,1,135999.324758155,0,3,36.5679364433425,0,3,0,0
"516",49,1,128815.346281582,11,1,54.5924854043376,0,0,0,0
"517",49,1,145330.194143714,14,1,51.4258274416716,0,5,1,0
"518",21,1,122561.221330881,8,1,55.4669539934966,0,2,1,0
"519",68,1,121482.123265322,13,0,4.5355841639438,0,0,0,0
"520",48,0,78661.1147435285,14,1,41.6617032152235,1,4,1,0
"521",45,1,20203.4636748915,16,0,31.6914818557092,0,1,0,0
"522",36,1,27611.6208017173,4,4,18.6925818381998,0,2,0,0
"523",30,1,105610.267037107,15,0,11.6715969410948,0,0,0,0
"524",31,0,112716.89482674,6,2,36.8639066207778,0,3,1,1
"525",32,0,80002.4716745727,9,2,41.1530793021914,0,2,1,0
"526",44,0,99108.5454505406,11,0,57.9048052764074,0,3,1,0
"527",61,0,120938.168044964,15,2,8.77660296390408,0,4,0,0
"528",56,0,38271.8857851869,13,4,42.4887873017537,1,2,0,0
"529",57,0,138251.486526757,15,1,28.807985852199,1,0,0,0
"530",26,0,52560.8268430249,16,1,29.1458452855819,1,4,1,1
"531",57,0,145451.998029081,6,3,25.4050293189342,0,1,0,0
"532",67,1,98751.3024288497,19,2,42.2019403054848,0,5,1,0
"533",66,0,85078.464250112,1,0,4.86916528615154,0,4,0,0
"534",36,0,111998.521516319,15,1,51.6770086101589,0,0,1,0
"535",18,0,101206.263951054,14,2,56.890699965784,1,5,1,0
"536",25,0,59608.2880827453,15,1,39.5990072597118,0,0,1,1
"537",48,1,110029.216099824,16,1,45.1382344053619,1,5,1,0
"538",62,1,62288.367422994,8,0,11.5997609843739,0,0,0,0
"539",61,1,75731.2627282364,8,4,15.3746755913894,1,4,1,1
"540",57,1,63103.4108787352,3,3,17.9472395305156,0,3,0,0
"541",58,0,62665.0579692105,7,3,43.1822165895548,0,2,0,0
"542",70,1,67880.2389658903,2,0,47.1220103512808,0,2,0,0
"543",37,0,51457.0269412159,0,1,34.7086472933438,1,3,1,1
"544",64,1,133283.824444811,13,1,29.4884311339939,0,3,0,0
"545",62,1,101074.341177735,16,0,6.49332223399501,1,5,0,0
"546",68,1,137935.353991758,4,2,40.6693496179995,0,3,0,0
"547",37,0,102019.832729791,18,2,26.8432859846694,0,5,1,1
"548",25,1,137252.22557739,7,1,31.0123530903607,1,5,1,1
"549",48,1,26647.5995874731,18,0,1.90332461098742,0,4,0,0
"550",33,1,109256.688754039,4,4,48.7528031217798,0,5,1,0
"551",61,0,88515.3903085147,7,4,38.231914202943,0,5,1,1
"552",55,1,103261.88548286,10,3,42.4371737857627,0,0,0,0
"553",45,0,71689.6092118732,19,4,23.5810222877485,1,3,0,0
"554",36,1,100720.713772196,9,1,22.3277418394869,0,5,1,1
"555",34,1,95035.9852754916,14,4,7.82073102607922,0,3,1,1
"556",63,1,136218.662301023,4,1,13.5690838707526,0,0,0,0
"557",50,1,22340.8522280591,13,4,26.3041789742879,1,0,0,0
"558",39,1,103502.31836768,19,4,47.4038370981592,0,5,1,0
"559",22,0,132393.269237947,6,1,44.1296105992295,0,5,1,0
"560",53,1,37228.2074564403,14,2,52.8801433383911,0,2,0,0
"561",19,1,46608.4141774469,12,0,31.6868094556413,0,3,1,1
"562",39,1,136812.878607729,3,3,12.5261786900679,0,5,0,0
"563",64,1,39707.3597240129,13,2,17.1902915390221,1,0,0,0
"564",66,1,69946.872688154,10,4,30.7308684974554,1,4,1,1
"565",26,1,107903.083069806,7,2,20.9780625176453,0,1,0,0
"566",27,0,33549.2243650852,8,1,30.1153198862998,1,1,1,1
"567",52,1,56684.319710116,15,1,54.3627158821871,0,4,1,0
"568",46,1,35672.5941324797,0,1,25.4941848873813,0,0,0,0
"569",26,1,128438.797610088,3,4,7.07140021217804,0,1,0,0
"570",19,0,30199.2561212261,10,2,55.9956168870585,0,0,0,0
"571",55,1,67779.4748978991,20,1,35.9690679319298,0,1,0,0
"572",21,1,28796.8870470002,14,2,59.7636252969413,0,5,1,0
"573",53,1,135718.347861482,3,2,43.7387950038846,0,1,0,0
"574",33,1,120972.372404174,20,1,50.0717532470003,0,4,1,0
"575",19,1,23144.9293058762,19,2,26.6822707270704,0,5,0,0
"576",69,0,126312.092881403,2,4,34.832477695984,1,5,1,1
"577",18,1,80939.8355103858,12,3,54.9669790598864,0,4,1,0
"578",49,1,143685.018709924,9,2,58.428627402985,0,0,1,0
"579",69,1,39168.8284718169,6,1,49.002919988674,1,0,0,0
"580",18,1,93461.0906188583,9,1,24.9779709212587,0,5,1,1
"581",43,1,145381.965007105,13,2,24.5798221230595,0,3,0,0
"582",25,0,143559.692174788,11,4,31.5808046233218,1,0,1,1
"583",57,0,147208.310890588,5,3,41.6995978809606,0,1,0,0
"584",59,1,129174.29713263,2,4,12.348435426081,0,2,0,0
"585",26,1,110354.579751612,9,0,43.2284196582369,0,2,1,0
"586",57,1,132061.882695441,19,1,31.3393936646927,1,0,1,1
"587",18,0,42734.5868328747,12,0,56.1378744916897,0,0,0,0
"588",38,1,138400.121013709,7,3,41.3162553950361,1,0,1,0
"589",54,0,81267.3317617614,6,3,35.479359373778,0,0,0,0
"590",34,0,84570.404966333,16,1,30.0517037930558,1,0,1,1
"591",43,1,43981.9129073731,15,2,2.12685276186982,0,2,0,0
"592",44,0,105839.353561174,8,2,59.0519254684017,1,3,1,0
"593",60,1,95087.1375645505,16,2,42.380450058316,1,4,1,0
"594",22,0,87622.0860003977,2,1,24.942913439816,0,2,0,0
"595",24,0,135300.237027205,13,1,7.06332631633713,0,3,1,1
"596",27,0,20191.5968712205,2,0,35.208515364841,0,5,0,0
"597",28,0,29500.603063512,18,4,24.6520459725467,0,3,0,0
"598",27,0,41017.286710805,16,4,22.1732527686377,0,1,0,0
"599",69,1,46524.6325017568,7,4,11.2636923740773,1,1,0,0
"600",20,0,111709.907936853,0,4,30.8405971982834,0,0,1,1
"601",54,0,140650.873242386,17,3,33.1539544079011,0,1,0,0
"602",52,1,78466.1795185702,18,2,15.7700757755018,1,1,0,0
"603",49,0,105342.218953095,19,4,27.6896387931876,0,3,0,0
"604",65,0,129114.00400628,12,1,57.8145216842691,1,0,1,0
"605",56,1,25612.5856536115,12,2,27.4524417609534,0,3,0,0
"606",55,0,115749.579683523,10,4,7.63077691001338,0,4,1,1
"607",23,1,107940.831839427,0,2,59.0403669868697,0,0,0,0
"608",52,1,99401.4092398499,12,4,43.6603704021595,1,0,1,0
"609",45,0,46322.4728214809,11,4,46.4312524788939,0,2,0,0
"610",42,0,37093.5855867376,8,1,46.2694714734222,1,4,1,0
"611",38,1,30519.5067966628,4,4,59.8937945522714,0,3,0,0
"612",39,0,71367.0179894954,3,0,36.0252665213343,0,5,1,1
"613",51,1,28885.9160402946,10,1,48.2686799633344,0,5,0,0
"614",22,0,112695.986582461,13,1,40.8932826737533,0,5,1,0
"615",20,0,119588.420949589,12,4,52.7612744353891,1,2,1,0
"616",68,0,132488.448658159,1,1,1.28818349519486,0,5,0,0
"617",29,1,58153.5470170558,16,2,59.9911054246976,1,3,1,0
"618",52,1,48869.8631901317,15,2,13.8781187281081,1,0,0,0
"619",36,1,64278.5416555679,19,1,18.873764905515,0,0,0,0
"620",54,0,127471.956766393,7,3,42.7574392487185,1,1,1,0
"621",54,0,63075.1109233966,14,1,53.0621420001835,0,4,1,0
"622",39,1,92857.2820274572,18,1,17.4086178856744,0,5,1,1
"623",38,0,62927.9584332947,19,0,8.90746876482051,0,5,1,1
"624",53,0,124637.880989387,5,4,49.434233603167,0,4,0,0
"625",36,1,113965.859417103,10,0,32.4651933850657,1,5,1,1
"626",46,1,132847.369713969,5,4,28.3760252635891,0,3,0,0
"627",70,1,102196.679972893,16,1,6.83352721709643,1,3,1,1
"628",35,0,115250.876576736,13,1,22.0194254787846,1,0,1,1
"629",47,0,47559.2271108256,17,3,15.2002137938272,0,5,0,0
"630",69,0,32893.1529463381,15,1,56.1900646424635,0,0,0,0
"631",52,1,78281.4771980249,6,1,47.9808552936253,1,0,1,0
"632",61,0,78319.3820240905,0,2,13.0215736651467,0,1,0,0
"633",39,0,57167.8826010908,3,2,26.428040002044,1,2,0,0
"634",65,0,95397.8923656571,19,2,19.0477939824297,1,3,1,1
"635",56,0,36321.5279191449,14,4,42.0120691408003,0,5,0,0
"636",68,1,41547.4713766203,10,0,56.0257419341958,1,0,0,0
"637",70,1,109222.535569193,20,4,33.6970714092827,1,3,1,1
"638",38,0,135492.477400129,19,1,5.9778828898718,0,2,0,0
"639",45,1,101410.461784738,19,4,25.4337593601668,1,2,0,0
"640",52,0,27302.8900551671,20,4,17.0948396692909,0,4,1,1
"641",43,0,56404.8528415636,1,1,35.4221466935014,1,4,1,1
"642",57,1,31518.0558583502,5,4,54.702782643032,0,4,0,0
"643",18,1,37124.740549093,19,3,13.8471735852073,1,3,1,1
"644",50,0,87926.3235411265,19,3,41.6130998699058,0,4,1,0
"645",45,1,143075.384760041,1,1,41.7868043907785,0,1,0,0
"646",51,1,134071.106065083,6,2,23.8438131752001,0,5,1,1
"647",27,0,55132.1999770018,12,4,40.22426145226,0,4,1,0
"648",45,0,145586.175666728,13,4,44.0564601828472,0,2,0,0
"649",19,1,100768.018376449,11,1,46.0080262384423,0,1,1,0
"650",69,0,26738.6538855648,14,1,32.2340466595045,1,4,1,1
"651",21,1,120794.999552408,10,0,7.63077000520002,0,2,0,0
"652",67,1,38456.3586689292,18,1,51.3373729232102,0,0,0,0
"653",23,1,75968.814000087,11,3,31.0242300552805,0,1,1,1
"654",32,0,124770.302015291,5,4,47.5566705872766,0,0,0,0
"655",44,0,135525.680434502,3,0,13.9612458691738,0,3,0,0
"656",65,0,143121.786724107,19,2,59.53241111089,0,2,0,0
"657",64,0,63577.0461582135,20,4,25.655155800439,0,4,0,0
"658",19,0,149523.463891542,5,3,13.579031951959,0,4,0,0
"659",51,1,61286.2833839452,4,0,15.0543566930614,0,0,0,0
"660",26,0,129928.567188688,9,1,28.906445028191,0,3,1,1
"661",48,1,129069.652603341,7,3,43.1930698318594,0,5,1,0
"662",66,1,72194.2610619675,7,0,58.8084085874753,0,3,1,0
"663",51,1,22848.7327407512,11,4,49.9363033556048,1,3,0,0
"664",31,0,102692.48603324,0,0,40.2840188314599,0,5,1,0
"665",20,1,22001.3359198701,7,1,23.3613441575138,0,4,1,1
"666",55,1,95460.7881291805,20,3,48.5400711793065,0,5,1,0
"667",61,1,79579.0833987253,5,2,3.45203104806326,1,4,0,0
"668",54,0,50209.9619972862,2,0,4.68630592011143,1,1,0,0
"669",20,1,69051.3470152151,4,2,6.36171576380925,0,2,0,0
"670",36,1,52616.0959398433,15,3,18.275959137493,1,5,0,0
"671",62,1,77920.4130364458,20,1,24.278516627601,0,4,0,0
"672",63,0,71874.5912935165,10,2,43.5462426107712,0,1,0,0
"673",61,1,114703.78803101,14,0,14.3503627144846,0,4,0,0
"674",69,1,98875.1242132667,4,0,2.24240922982288,0,5,1,1
"675",22,0,112331.56382103,13,1,54.2692133824969,1,1,1,0
"676",68,1,103955.405645177,7,0,11.1596512859944,1,1,0,0
"677",64,0,91064.2686244125,7,0,5.52072171753996,1,5,1,1
"678",27,0,52903.2000933491,3,0,8.81566828705343,0,3,0,0
"679",20,0,83318.0494464617,2,4,16.0505125371104,1,0,0,0
"680",38,1,27511.4729295277,4,0,9.24184998357338,0,4,0,0
"681",47,0,85963.5520333152,5,0,37.0446568615252,1,0,0,0
"682",50,0,29330.8548094467,7,2,45.4723239206581,0,2,0,0
"683",59,0,115477.711169827,18,2,49.0593475146967,0,4,1,0
"684",70,1,124576.836998336,3,4,8.41132117621792,0,1,0,0
"685",57,0,138251.486526757,15,1,28.807985852199,1,0,0,0
"686",33,0,92992.9964347381,11,0,29.5049440883645,0,3,1,1
"687",37,1,112875.141329261,1,4,20.0684607415853,0,1,0,0
"688",28,1,20496.5899456158,9,2,36.8534528219978,0,0,0,0
"689",30,1,55849.7838726764,5,0,55.0401627881581,0,4,1,0
"690",18,1,87934.9579137769,6,0,59.9686057579522,1,4,1,0
"691",66,1,99768.5348508696,3,4,29.9578077748145,1,1,0,0
"692",19,0,124905.513814919,13,3,48.6931115273864,0,2,1,0
"693",27,0,146299.249817137,8,1,1.59061422298905,1,5,1,1
"694",43,1,25514.8987668959,20,4,57.7695567004015,1,4,1,0
"695",64,0,98493.4088834204,5,0,24.9786939191261,0,1,0,0
"696",65,1,141786.920064302,11,4,56.0812469043947,0,1,0,0
"697",40,1,56238.7834138919,2,3,19.3494132165824,0,1,0,0
"698",25,0,75390.8399057483,20,2,2.47406085462912,1,0,1,1
"699",35,0,132680.14608578,13,0,43.7709406536575,1,5,1,0
"700",26,0,82665.3375545707,11,1,34.7290538226346,0,3,1,1
"701",23,0,85899.6569350385,13,2,10.2581190501964,0,2,0,0
"702",45,1,147010.904077063,2,4,52.7670333783137,0,3,0,0
"703",34,1,111921.242044671,11,3,3.92601698498508,0,3,1,1
"704",54,1,120311.498427219,9,0,51.2244088743616,1,2,1,0
"705",36,1,130992.039821607,16,3,50.0075101164793,0,1,1,0
"706",67,1,119033.764879101,12,0,41.7200931656556,0,2,0,0
"707",21,1,38492.4179293355,15,0,30.1447697992711,1,2,1,1
"708",64,0,35098.0648260683,7,4,12.4733476317565,0,5,0,0
"709",23,1,21434.0643757241,18,3,52.3073710062034,0,2,0,0
"710",54,1,66425.7507090654,3,4,40.2025887685023,0,0,0,0
"711",64,1,74941.7956117692,2,3,49.6318111694496,1,2,0,0
"712",50,0,137836.868934773,9,2,54.0213943916072,0,1,0,0
"713",62,0,76169.9947827455,12,3,10.7311075843111,0,4,0,0
"714",32,1,143039.346709553,12,2,36.2930624963732,0,2,1,1
"715",66,0,130794.303670854,16,3,23.6198839542879,1,4,1,1
"716",19,0,149570.591000887,19,2,21.7638564731748,0,2,0,0
"717",64,1,146645.277696126,15,1,49.2970005920134,0,2,0,0
"718",54,1,66425.7507090654,3,4,40.2025887685023,0,0,0,0
"719",21,0,71115.3761336299,10,1,36.2591782650152,0,4,1,1
"720",52,0,87393.0428528765,2,4,46.6997529072875,0,2,0,0
"721",65,1,141786.920064302,11,4,56.0812469043947,0,1,0,0
"722",40,0,91234.7335665801,10,1,50.4655786474392,0,1,0,0
"723",29,0,96782.9184193029,6,0,48.7562218193061,0,5,1,0
"724",62,0,89021.8981935722,3,3,30.6795811058643,1,3,1,1
"725",25,1,63184.8343050286,16,0,9.15870723088012,0,0,0,0
"726",25,0,79539.4486704643,1,4,4.36859087008315,0,2,0,0
"727",47,1,125446.090091351,4,0,16.0964799079206,0,5,0,0
"728",31,0,59425.7691837874,8,3,44.4727608893387,0,3,1,0
"729",50,0,64894.4537918354,18,4,26.4831933376039,1,1,0,0
"730",32,0,144744.963761734,18,1,58.0269761947535,0,5,1,0
"731",66,0,59379.044748315,10,0,32.2950289993073,0,1,0,0
"732",41,1,27356.135299073,15,4,39.2588399367047,1,4,1,1
"733",56,0,29322.5455501946,16,4,44.9312215818215,0,2,0,0
"734",46,0,142940.759110037,12,4,22.6006739577963,1,3,1,1
"735",40,1,61115.1194648099,11,1,3.12197961659136,0,3,0,0
"736",49,1,138198.626762003,19,0,58.1243216109114,0,1,0,0
"737",21,0,119595.071263426,14,0,44.3509468699653,1,4,1,0
"738",64,0,103828.238522901,12,4,53.0032096070718,1,2,1,0
"739",58,0,115925.048028499,16,2,4.15406404368427,0,2,0,0
"740",53,0,55997.5833591152,17,2,13.4013261544119,1,1,0,0
"741",47,1,41550.6902212258,12,4,55.5788088303762,0,1,0,0
"742",39,0,59512.5265931536,0,4,9.73552580984095,0,5,0,0
"743",37,0,105404.170314728,1,4,27.0487314735893,0,4,0,0
"744",68,1,145254.901315386,15,1,30.6074021568901,1,2,1,1
"745",69,1,76790.5913399733,4,2,32.933054651596,0,1,0,0
"746",19,0,113383.052798361,16,2,23.5665831743731,0,1,0,0
"747",60,0,105455.952682117,2,4,44.8725485360765,1,1,0,0
"748",44,0,49607.4656934172,5,4,13.3344295980711,0,5,0,0
"749",22,1,106640.196178489,10,4,59.8116550480524,0,5,1,0
"750",70,1,44197.6667079352,4,4,16.5936854136515,1,4,0,0
"751",43,1,131584.417983886,15,4,28.2940078921617,0,2,0,0
"752",63,1,92623.5115385553,13,3,55.1384410794521,1,1,1,0
"753",42,0,71281.9162141046,9,4,5.56728156710028,0,0,0,0
"754",40,1,58549.6255673952,8,4,21.6958797576084,1,0,0,0
"755",45,1,124468.4596074,11,4,2.84921746267314,0,3,0,0
"756",36,1,60218.4533221617,1,0,15.3681719950726,0,4,0,0
"757",43,1,54787.0479746363,11,3,45.1032652643661,0,3,1,0
"758",62,0,29221.1880973905,14,1,39.323034557616,0,5,0,0
"759",56,0,147878.260284244,16,1,58.3948283977302,0,2,0,0
"760",46,0,33178.4766819107,8,3,51.1801874666469,1,2,0,0
"761",25,0,117289.96545791,6,2,48.3299775213155,1,5,0,0
"762",25,0,83421.0257104271,14,1,27.0036034239715,1,5,1,1
"763",32,1,140405.228896132,9,1,21.0150030912032,1,2,1,1
"764",34,0,45300.9265366995,11,3,38.2809293955662,0,1,0,0
"765",19,1,120604.35524492,12,3,11.3181522354969,1,1,1,1
"766",50,0,64894.4537918354,18,4,26.4831933376039,1,1,0,0
"767",62,0,58974.0685834807,3,3,29.0085465005646,1,3,0,0
"768",20,0,44443.2155000041,9,2,11.4637303379248,1,0,0,0
"769",52,0,77639.4018692944,20,0,43.7624315225448,0,1,0,0
"770",58,1,109475.650651431,14,0,2.04511718595395,0,1,0,0
"771",58,0,28497.6004833701,11,2,28.3287667422263,0,0,0,0
"772",30,1,105378.288251692,9,4,5.27097449759431,0,5,1,1
"773",28,0,105716.009886752,16,0,26.487372916343,0,4,1,1
"774",54,1,60542.3015291948,6,4,43.4221471466106,0,4,1,0
"775",19,1,24590.4761422311,1,3,14.9710575419146,0,5,0,0
"776",33,0,32750.7355019518,0,3,53.6937107380259,0,5,0,0
"777",60,0,28149.6508108426,10,2,31.9345813620671,1,4,1,1
"778",68,0,133531.979061905,3,2,10.5911111499535,0,1,0,0
"779",41,1,53632.5134802073,15,4,10.418332649633,1,3,1,1
"780",33,1,139349.95178589,12,2,55.107529988719,1,0,1,0
"781",34,1,20418.3742685562,9,1,54.4599547921451,0,0,0,0
"782",36,1,64278.5416555679,19,1,18.873764905515,0,0,0,0
"783",57,0,42634.213593431,11,0,10.7597889755761,0,3,0,0
"784",67,0,102703.05741207,19,0,11.1926486185264,0,3,0,0
"785",29,0,21574.1017805354,14,2,45.4694904171657,0,4,1,0
"786",37,0,122360.313477803,17,3,10.0673640126276,1,5,0,0
"787",34,1,68252.4150468916,20,2,46.729826220008,1,1,1,0
"788",53,0,100904.624400242,10,1,18.5462065916574,0,4,0,0
"789",64,0,36992.3489762259,1,3,43.5227816095741,0,2,0,0
"790",22,0,58834.3245665405,10,2,45.0387699705811,0,2,1,0
"791",64,1,100546.434136718,20,1,45.223188289044,0,2,0,0
"792",51,1,142554.161482235,18,3,46.2630723884946,0,1,0,0
"793",39,0,61452.686381748,11,3,50.2968732480787,1,1,1,0
"794",56,1,40079.7671390321,0,0,9.35541745421042,0,5,0,0
"795",20,0,31607.6381883245,19,2,38.2028058236425,0,0,0,0
"796",40,1,75588.1733814339,11,2,2.06129976277087,1,1,0,0
"797",43,0,25706.9925435907,0,1,5.29787255516679,0,3,0,0
"798",61,0,145556.880949919,13,4,17.235036636796,1,3,1,1
"799",68,0,147528.359161149,5,1,32.0204498643103,1,4,1,1
"800",45,1,148444.675600227,13,0,42.4272491466173,0,1,0,0
"801",18,0,33697.4398926113,9,1,14.7236278667766,0,3,0,0
"802",28,1,118670.686727851,19,3,56.1743557702207,0,5,1,0
"803",70,1,40803.2417402152,3,3,51.067786562028,0,5,0,0
"804",26,1,84856.4363896725,7,4,48.1105703328951,0,1,1,0
"805",61,0,118307.769813523,20,3,29.5471482319602,0,4,0,0
"806",69,0,27519.7784281309,6,1,39.4602175252087,0,5,0,0
"807",34,0,133648.928209073,4,3,1.07481653801392,0,2,0,0
"808",56,1,95714.945566942,7,0,31.2823697696561,0,2,0,0
"809",21,1,68691.8753126158,17,2,32.9310221805066,1,4,1,1
"810",25,1,76266.080287231,10,0,19.0396115232301,0,0,0,0
"811",47,0,108350.643255564,16,4,44.0355114748659,0,4,1,0
"812",32,1,77122.6486602788,14,0,8.35228872815836,1,1,1,1
"813",53,1,51290.0525382256,2,1,13.8798835968792,0,3,0,0
"814",18,0,96386.1632442222,6,4,38.915048177445,0,4,1,1
"815",34,0,37397.6871899601,3,1,10.6568641600539,0,5,0,0
"816",69,1,134136.661657859,0,1,26.7687112529774,0,4,0,0
"817",26,0,77709.5290858291,1,2,27.4066270799704,1,1,1,1
"818",48,0,129003.938399593,4,4,53.7567473583777,0,2,0,0
"819",20,0,127256.423323408,20,1,30.5020010186069,0,3,1,1
"820",28,0,27494.1856858732,11,1,45.9842267944069,1,0,1,0
"821",22,1,124870.157560316,0,0,4.22813631518476,0,0,0,0
"822",39,1,71019.5642098324,19,3,28.9720224746937,0,1,0,0
"823",26,1,128438.797610088,3,4,7.07140021217804,0,1,0,0
"824",41,0,139958.434766741,18,3,32.8122736913043,0,3,1,1
"825",38,0,49299.5648408796,8,3,49.2495174047757,0,0,0,0
"826",48,1,102674.111931285,3,2,25.0175299833598,0,0,0,0
"827",69,0,103425.471648813,3,0,40.6672817896248,0,5,0,0
"828",19,0,54950.9568696852,17,4,27.7986507661496,0,2,1,1
"829",18,0,37122.9537152822,5,1,51.4128499079388,1,5,1,0
"830",55,1,65884.6054488064,3,2,38.103515520385,1,3,1,1
"831",50,0,115876.086729671,10,4,53.8095169905489,0,4,1,0
"832",28,1,110430.359044585,6,1,42.8288917603029,0,4,1,0
"833",64,0,72557.667143133,15,3,55.609397542226,1,4,1,0
"834",63,0,76497.4749116325,17,0,59.6211121963339,0,1,0,0
"835",44,1,90784.6046835025,15,0,46.4434971733425,0,5,1,0
"836",23,1,68006.5001280203,18,0,40.556353251668,0,4,1,0
"837",63,0,23531.7647593228,8,0,49.0089059746812,0,2,0,0
"838",39,1,22203.1964356455,3,0,37.3581983105061,0,4,0,0
"839",68,1,137794.430277225,4,0,41.7752463331772,0,3,0,0
"840",22,0,69899.0547958473,19,1,3.78626771319053,1,0,1,1
"841",20,1,119999.009218957,12,0,12.6033667110281,0,3,1,1
"842",26,1,144157.866493049,18,0,7.18530908515349,0,1,0,0
"843",18,0,46262.0368923237,19,0,32.6550108952134,0,5,1,1
"844",58,0,62665.0579692105,7,3,43.1822165895548,0,2,0,0
"845",27,0,56955.6320805772,3,1,50.3670514824834,0,0,0,0
"846",50,0,46634.5656395926,13,1,9.21883798376694,0,2,0,0
"847",64,1,59812.9707022595,12,0,20.7002458200667,0,0,0,0
"848",37,0,84773.238694249,2,4,8.54089881726258,0,2,0,0
"849",42,0,96535.0978770716,13,1,56.9184053398967,0,4,1,0
"850",53,1,83384.25517754,17,1,29.722864504533,0,5,0,0
"851",39,1,67538.4972739783,19,1,26.8485874109644,0,3,1,1
"852",18,1,54456.0356822505,13,4,4.27126890652664,1,2,1,1
"853",62,0,122297.440213188,12,0,20.0171646436961,0,3,0,0
"854",26,0,103707.552960347,17,1,12.2234479183881,1,3,1,1
"855",42,1,100218.647095314,7,3,55.3170600659358,1,3,1,0
"856",22,1,114814.82323144,16,3,38.043965734124,0,0,1,1
"857",30,1,71294.889827694,2,4,29.5377585656608,0,3,0,0
"858",53,0,137989.430332352,16,0,41.2253443695188,0,4,1,0
"859",23,0,88561.9508759479,17,2,57.8225537229703,1,4,1,0
"860",39,0,115006.725447495,9,2,2.66549681939168,1,1,1,1
"861",23,0,22485.0922758693,10,2,31.8398577899885,0,3,1,1
"862",58,0,21580.3802920603,7,3,7.80877459955008,0,1,0,0
"863",59,1,52058.4725471432,19,1,25.9394516021032,1,2,0,0
"864",31,1,124452.756628595,5,1,14.5933092193593,1,2,0,0
"865",69,1,53488.9386433838,5,3,47.0537908234355,0,0,0,0
"866",53,0,139699.659100236,6,1,48.7187854183689,0,2,0,0
"867",41,1,114440.022964691,12,3,6.63798713354178,1,3,1,1
"868",25,1,126914.908576876,15,2,56.5119144741476,0,2,1,0
"869",50,0,149406.87710487,13,4,12.5048075137402,1,4,1,1
"870",58,1,20175.9713430109,5,1,31.6879560192964,1,1,0,0
"871",41,1,30478.1967884262,2,2,36.2603139522651,0,3,0,0
"872",65,1,102495.714281539,16,0,1.84800415488888,1,0,0,0
"873",51,0,144345.181778932,20,3,15.9493845309307,1,3,1,1
"874",48,1,112211.707701439,2,0,45.1143303267723,1,0,0,0
"875",69,0,84247.618142539,9,4,48.3327015748717,1,2,1,0
"876",30,1,116446.522504633,12,4,49.2681459309832,1,2,1,0
"877",50,1,88040.8184786676,17,4,2.45552731788874,0,5,0,0
"878",44,1,75891.0400607193,19,0,12.2439867445144,1,5,1,1
"879",41,0,61179.0180187785,11,4,40.3725791303939,0,5,1,0
"880",68,0,99988.7432590743,7,2,45.9895082287565,0,5,1,0
"881",52,1,142725.472197302,15,1,12.3687745868851,1,5,1,1
"882",49,1,87244.9773374092,13,0,24.0274372855535,1,3,1,1
"883",35,1,132525.028931192,4,3,59.5180757553542,0,3,1,0
"884",20,0,97867.2060630374,6,4,7.60869107102413,0,3,1,1
"885",41,1,77725.6873962864,1,2,52.2239814709598,0,3,0,0
"886",40,1,122134.71035043,11,4,37.6968666155386,1,0,1,1
"887",49,1,70898.3407631178,12,4,25.7168242123077,0,4,0,0
"888",70,1,30423.4018306474,16,4,1.23363663771642,1,5,0,0
"889",19,1,132592.43236952,20,3,25.8879602958365,1,5,1,1
"890",23,0,142301.987665404,6,4,48.5999104078725,0,5,1,0
"891",41,1,65461.4198669604,0,1,50.1289310346158,1,0,0,0
"892",35,0,89983.1526232427,11,1,38.5318863959559,0,2,0,0
"893",22,1,58552.788586771,16,2,23.8698528869451,0,2,0,0
"894",56,0,61794.4411622247,20,2,53.1083901224929,0,2,0,0
"895",19,0,49954.1660752555,20,2,6.82242843783532,0,2,0,0
"896",28,1,66413.8147161016,8,1,14.4120021931316,1,0,1,1
"897",68,0,74443.131479641,8,4,8.38857151209606,0,4,0,0
"898",48,1,139273.159607159,8,0,6.33928235465614,0,5,0,0
"899",19,1,100078.108533823,11,0,54.8436965861035,1,0,1,0
"900",28,0,28430.9672827859,4,0,15.3787845023562,0,3,0,0
"901",26,0,21484.3378490296,9,3,19.5821716532068,1,5,1,1
"902",32,1,48084.963726248,16,0,49.1965270807459,1,2,1,0
"903",31,0,102732.178123843,5,3,34.3787795381832,0,3,1,1
"904",63,0,124000.452629279,10,1,1.57698343803995,0,3,0,0
"905",40,0,49200.0295397008,1,4,6.12019428983444,0,2,0,0
"906",58,1,103739.398791869,10,3,20.2402573416888,1,4,1,1
"907",38,1,57705.9191551168,5,1,50.6770281554354,0,4,1,0
"908",65,0,28964.5421263348,10,2,18.1689639843151,1,0,0,0
"909",56,1,65346.6694160323,1,1,42.7685140286597,0,3,0,0
"910",27,0,33327.0753286417,5,3,22.4360317530872,0,5,0,0
"911",42,1,120508.443609427,20,4,27.3349201863656,0,3,0,0
"912",59,1,110170.347471593,12,0,26.1412198873766,0,2,0,0
"913",31,1,143693.792322982,9,1,5.32504326870947,0,4,0,0
"914",62,0,79728.0798927783,0,1,31.2572863836734,1,2,0,0
"915",68,1,128657.370628367,15,0,35.7004786970463,0,3,1,1
"916",23,0,80098.4229300789,16,3,18.668005712121,1,5,1,1
"917",25,1,43949.2291009434,14,4,51.7365021368211,1,4,1,0
"918",52,0,112018.56263987,11,4,48.2316302024781,1,3,1,0
"919",47,1,58647.8027399534,6,0,47.6434856087782,0,5,0,0
"920",49,0,33246.1031134818,14,1,3.37659709730484,1,1,1,1
"921",36,0,127701.008928385,10,1,53.3590597543968,0,1,1,0
"922",68,1,137935.353991758,4,2,40.6693496179995,0,3,0,0
"923",26,0,109980.974420237,4,0,34.7928714443501,0,2,0,0
"924",61,0,118307.769813523,20,3,29.5471482319602,0,4,0,0
"925",35,1,89415.7714312093,15,2,1.62254657213813,0,2,0,0
"926",24,1,126755.776731529,6,1,16.808622256304,0,4,1,1
"927",67,1,38456.3586689292,18,1,51.3373729232102,0,0,0,0
"928",34,1,102767.058681737,12,3,57.2822683990581,1,5,1,0
"929",30,0,85709.1653283585,5,3,10.6533728358107,0,5,0,0
"930",36,1,135712.614573895,15,3,23.6528735253452,0,5,1,1
"931",64,1,63629.3590550795,18,1,23.7798521414116,1,4,1,1
"932",27,1,32549.4811254073,19,1,19.9704475214621,1,3,1,1
"933",34,0,20679.8497605787,15,3,25.4086558826918,1,4,1,1
"934",20,1,148048.655298314,15,4,21.1466949898981,1,2,1,1
"935",28,1,20496.5899456158,9,2,36.8534528219978,0,0,0,0
"936",69,1,74463.2127243718,3,1,21.940940857113,0,2,0,0
"937",42,1,123123.975556973,6,0,49.2705892865403,0,1,0,0
"938",50,1,49158.1528270559,13,3,32.5893867951766,0,2,0,0
"939",69,0,32088.7831770072,14,1,9.47366130606016,0,1,0,0
"940",59,0,51043.5074796001,12,1,40.668547790929,1,0,1,0
"941",65,0,73442.4283380918,13,1,55.8662000503711,0,3,1,0
"942",29,0,111152.082006734,10,3,7.32756317625492,1,2,1,1
"943",46,0,94330.4057662819,6,4,45.6358108663482,1,5,1,0
"944",62,0,97786.4729587086,9,2,27.7607957672953,0,1,0,0
"945",38,1,94558.7636892245,19,1,43.9088397566936,0,0,1,0
"946",47,0,78545.6272577036,7,3,5.65686144726633,1,5,1,1
"947",23,0,51446.1282346756,1,1,9.83685076917326,1,0,0,0
"948",37,0,122519.945407413,5,3,21.3414162470926,0,5,0,0
"949",52,0,25838.4688694301,9,4,2.01999464103843,1,0,0,0
"950",50,0,100181.86902083,0,1,24.7069940575,0,3,1,1
"951",48,0,35383.7048200404,10,1,53.0365577532958,0,3,0,0
"952",51,1,85676.880564963,7,2,8.04748415389286,0,5,0,0
"953",66,1,77089.4761623873,3,4,51.0935817915372,1,2,0,0
"954",33,1,33246.0104485818,13,4,39.8455761272455,0,1,0,0
"955",69,0,83842.4448198115,15,1,28.3495336552341,1,5,0,0
"956",50,0,84002.3124001536,2,2,44.23976972015,0,2,0,0
"957",22,0,123245.653066021,14,3,2.09334278206566,0,4,1,1
"958",30,0,58066.8647711254,5,0,20.8052616379277,0,2,0,0
"959",50,0,136032.569573242,3,1,36.5077545693498,0,1,0,0
"960",65,1,124661.741404436,11,1,14.4617889113034,0,3,0,0
"961",61,1,39763.2309067243,5,0,19.1089333058927,1,3,0,0
"962",70,0,119425.274117389,4,3,45.3558806546681,0,5,0,0
"963",47,1,61817.0986557413,12,4,8.69663318667346,1,4,1,1
"964",38,1,41703.9015371358,9,3,57.6272433998252,0,4,1,0
"965",59,0,69454.6009759831,14,4,57.9307874886077,0,0,0,0
"966",59,0,24682.4463778854,4,3,45.1082305578671,0,2,0,0
"967",41,1,102836.191985076,6,2,2.13090536397369,1,5,1,1
"968",24,1,69282.2263273517,16,4,10.9959217235016,0,2,0,0
"969",45,0,122766.273255735,16,1,38.2952232784924,0,5,1,1
"970",50,1,24369.7680238267,3,3,56.158689746716,0,5,0,0
"971",43,1,68865.47706895,14,2,37.5651234150024,1,3,1,1
"972",60,0,111906.943369243,15,4,9.56827617499969,0,0,0,0
"973",51,0,49383.76971608,1,0,29.7183118527866,1,1,0,0
"974",64,1,116317.527299769,8,3,50.6253312273933,1,3,1,0
"975",31,1,34265.7058280755,7,1,16.3637834184866,0,3,0,0
"976",55,0,74153.557702698,12,1,7.28652358575067,0,5,0,0
"977",64,1,55242.5129893285,0,2,56.0515815309026,0,5,1,0
"978",32,0,87474.1964168413,13,4,26.8211318567985,0,5,1,1
"979",45,0,112826.854039156,3,3,24.1278845894598,0,0,0,0
"980",26,0,75855.3856560616,2,0,16.882194628925,1,2,0,0
"981",22,0,121637.102234842,2,3,7.8148461032315,0,5,0,0
"982",64,0,22512.5920192881,3,3,58.5114207618044,0,3,0,0
"983",69,1,74463.2127243718,3,1,21.940940857113,0,2,0,0
"984",52,0,80332.3707289555,4,1,52.553886734773,1,5,1,0
"985",20,0,83318.0494464617,2,4,16.0505125371104,1,0,0,0
"986",61,0,44075.4238227708,18,0,55.7528399670335,0,0,0,0
"987",54,1,105362.039582024,11,3,9.4279085479235,0,1,0,0
"988",64,1,84680.1807789933,2,2,34.0279476086061,0,1,0,0
"989",65,1,67090.6074147975,12,1,41.6976835914591,0,1,0,0
"990",23,0,107292.289326737,10,4,32.3408617623562,0,0,1,1
"991",18,0,47643.7689282425,15,0,7.26968838275136,1,5,1,1
"992",19,0,137376.349374958,12,4,7.49435185068237,0,3,1,1
"993",20,1,122036.607024491,17,4,38.4608540769469,0,3,1,1
"994",36,0,49670.5972541809,19,4,35.8200756453349,0,2,0,0
"995",45,1,145322.262925301,16,3,34.3706081371346,0,0,0,0
"996",20,1,134117.910159765,10,3,31.6936856697375,0,4,1,1
"997",41,1,64051.8844140377,18,0,16.1529722257859,1,0,0,0
"998",46,1,108414.545108106,8,3,18.2583862001208,1,0,1,1
"999",34,1,134420.375929793,15,3,19.7200500427784,0,3,1,1
"1000",41,0,28476.596863864,2,2,13.8090905387235,0,5,0,0
"1001",36,0,68244.6819959166,19,2,1.55577150237427,1,3,1,1
"1002",24,1,76888.406127201,15,2,39.9629068913537,0,0,1,1
"1003",51,0,34832.4520354313,14,2,29.297880707923,0,0,0,0
"1004",22,1,104911.162769067,6,0,27.3936823913319,0,3,1,1
"1005",55,1,127216.620855111,16,1,47.9219830938134,1,1,0,0
"1006",53,0,20715.7538908547,11,1,23.9814455307791,1,5,0,0
"1007",24,0,98139.6416840303,11,2,37.6942672916458,0,5,1,1
"1008",69,0,126181.330645733,1,2,4.21620150474069,0,0,0,0
"1009",62,0,25060.8952323368,13,3,26.5993948606433,0,3,0,0
"1010",18,1,128120.615677851,10,3,31.9840797525861,0,0,1,1
"1011",50,1,39521.9701062154,6,0,13.8460050812931,0,2,0,0
"1012",32,1,144193.509245511,18,0,36.5331218402582,0,3,1,1
"1013",60,1,122703.956719918,20,4,36.5706800737207,0,4,1,1
"1014",45,1,120618.879159859,12,1,17.932221168821,1,5,1,1
"1015",26,0,21175.000980308,12,1,15.4278861360737,0,5,0,0
"1016",47,1,54762.2636214804,9,3,53.3649725558584,1,4,1,0
"1017",57,1,54355.9142106231,12,2,45.6741580612362,0,4,0,0
"1018",27,0,33327.0753286417,5,3,22.4360317530872,0,5,0,0
"1019",49,0,57601.8203564451,7,3,19.670820015474,0,5,0,0
"1020",55,1,76809.4651365307,3,4,31.5033707093728,0,0,0,0
"1021",54,0,122568.070789703,2,1,51.9498513769003,1,1,0,0
"1022",52,0,28664.7652728897,16,3,47.5466944129839,0,5,0,0
"1023",57,1,31518.0558583502,5,4,54.702782643032,0,4,0,0
"1024",49,1,70898.3407631178,12,4,25.7168242123077,0,4,0,0
"1025",58,1,81820.9848732875,14,2,55.2584595736564,0,0,0,0
"1026",41,1,27551.9537704455,14,4,7.88465807621809,0,2,0,0
"1027",57,1,50546.5426494739,12,3,26.2229458979663,0,5,0,0
"1028",48,0,61203.0564128455,13,1,24.8139278209239,0,3,0,0
"1029",29,0,139539.033205286,11,0,34.9291547260395,0,4,1,1
"1030",54,1,47391.6453027364,15,1,53.2694047521621,1,4,1,0
"1031",18,0,147548.685132937,6,0,52.6699897926902,0,5,1,0
"1032",60,1,131349.83908723,12,1,36.5440254818251,1,3,1,1
"1033",54,0,93452.8590716721,2,2,17.0144209922871,0,2,0,0
"1034",21,0,84513.637874707,14,0,38.1196632042488,0,5,1,1
"1035",56,0,60865.5147138873,2,0,42.1085340811889,0,4,0,0
"1036",66,1,90659.968254544,7,2,50.8928834058409,0,5,1,0
"1037",35,1,53775.7171368545,18,0,24.3988438887935,0,3,1,1
"1038",64,1,121448.896064227,18,3,36.7212246330152,1,4,1,1
"1039",54,1,117167.77285757,3,2,19.0364260128188,1,4,0,0
"1040",27,1,55283.2194580729,10,2,16.8417901179173,0,0,0,0
"1041",24,0,101106.458717913,16,1,16.0012904983469,1,0,1,1
"1042",64,0,64250.3235530857,12,0,19.6095670842623,0,5,0,0
"1043",66,0,124009.225930891,7,4,52.2446170163644,0,0,0,0
"1044",18,1,95046.273800307,5,0,30.9929737663109,1,2,1,1
"1045",47,0,95178.7919246469,19,0,27.928392943033,0,5,0,0
"1046",20,0,129291.393641456,11,2,56.4893347122676,0,0,1,0
"1047",31,0,35780.2343607228,20,1,14.1620937372095,1,0,0,0
"1048",44,1,146500.161186403,13,0,16.0250394995144,1,2,0,0
"1049",63,0,124000.452629279,10,1,1.57698343803995,0,3,0,0
"1050",60,1,99682.1457242883,19,3,22.5880586184506,0,5,0,0
"1051",36,1,20567.2250545402,13,3,28.8302272465814,0,0,0,0
"1052",42,1,141860.448644625,15,4,49.2093188508389,0,1,0,0
"1053",55,0,45752.6922587662,3,2,43.17900784656,0,1,0,0
"1054",19,0,106658.06227606,19,4,1.23093223838805,1,5,1,1
"1055",22,1,25463.2077722827,2,3,43.6433518846369,1,4,1,0
"1056",61,1,118945.799815611,4,0,19.6275466564588,0,0,0,0
"1057",47,0,85081.1548491543,7,3,18.0017068501531,0,0,0,0
"1058",65,0,56305.8914990734,11,2,36.6698725052363,0,4,1,1
"1059",23,1,45458.3009374551,3,3,33.4102555459749,0,3,0,0
"1060",41,0,84539.949806189,15,0,2.72102364515385,0,3,0,0
"1061",45,0,31022.9620859544,16,2,55.3474889306697,0,2,0,0
"1062",39,1,53820.5128250667,8,3,23.5411790681524,0,2,0,0
"1063",29,1,110297.405542927,19,1,20.5285249086008,1,3,1,1
"1064",21,0,58640.9150021202,17,0,3.24490152029536,1,5,1,1
"1065",61,1,47194.1105030306,3,3,47.7688617981133,1,2,0,0
"1066",70,1,67880.2389658903,2,0,47.1220103512808,0,2,0,0
"1067",54,1,96629.0186330106,10,0,42.6397840111821,0,3,1,0
"1068",47,0,47559.2271108256,17,3,15.2002137938272,0,5,0,0
"1069",64,0,38477.8260931495,17,3,6.39414986284084,1,1,0,0
"1070",42,0,74528.2392144508,19,4,4.80554476250715,1,1,0,0
"1071",48,0,61203.0564128455,13,1,24.8139278209239,0,3,0,0
"1072",25,0,45905.1437406841,20,4,41.7115236124986,0,1,0,0
"1073",61,1,33701.1183540147,6,0,27.8523296309334,0,2,0,0
"1074",63,1,130496.798292486,1,0,7.11456686236694,1,4,0,0
"1075",32,1,88855.7641129306,9,3,31.7492497698987,0,5,1,1
"1076",56,0,24773.7771251067,7,2,22.2458782161447,0,4,0,0
"1077",49,1,98244.6066527219,14,4,31.3722698610549,1,5,1,1
"1078",41,1,112640.773302807,5,3,6.8860499044677,1,1,0,0
"1079",33,1,92502.1474125057,8,3,40.6491659686516,1,0,1,0
"1080",21,1,123108.573619576,11,3,3.45699731805884,0,1,0,0
"1081",38,1,129766.42075615,14,1,41.5295446652071,0,4,1,0
"1082",35,0,106630.103765167,8,4,54.557297214233,1,1,1,0
"1083",53,0,143788.832140687,0,3,8.34161826885856,0,1,0,0
"1084",49,1,74308.927305763,13,1,56.1307927937083,1,5,1,0
"1085",19,0,120829.540620293,20,4,17.1389797111143,0,0,0,0
"1086",52,1,144359.90074085,9,4,8.70968519438248,0,5,0,0
"1087",55,0,25686.0794001632,15,2,23.9292257908191,0,3,0,0
"1088",22,0,69652.1531548765,2,4,13.1316677742611,0,1,0,0
"1089",43,1,119783.791707329,10,1,31.6222799211348,0,5,1,1
"1090",22,1,117323.880436406,18,4,42.6531306969983,1,1,1,0
"1091",68,1,117945.629893406,13,1,47.2799342708956,0,2,0,0
"1092",59,0,138961.708892916,13,3,21.1587998552888,1,1,0,0
"1093",46,1,31968.7081907218,16,0,15.3337763395356,1,1,1,1
"1094",53,1,147921.71121736,10,3,22.2395527079644,0,0,0,0
"1095",37,0,48326.0320531487,14,1,40.6510998898164,1,3,1,0
"1096",62,0,122297.440213188,12,0,20.0171646436961,0,3,0,0
"1097",70,1,34883.3929485677,18,1,23.3777201119251,0,0,0,0
"1098",67,1,136028.02769413,20,2,11.230367906161,1,4,1,1
"1099",30,0,51183.6346582728,17,1,27.7427801845463,1,0,1,1
"1100",45,0,71367.9066243614,9,4,27.4025146208153,0,3,0,0
"1101",70,1,52791.332622537,1,1,11.8219949663794,1,3,0,0
"1102",46,1,71476.1614461191,18,1,36.3621566410124,1,3,1,1
"1103",66,1,40038.8556132033,4,1,52.4178239636859,0,1,0,0
"1104",46,1,118054.446535113,6,1,1.24226597094946,0,2,0,0
"1105",21,0,59545.8335527165,10,1,12.0876315145539,0,0,0,0
"1106",55,0,70438.278793093,14,1,36.4643788763819,1,5,1,1
"1107",31,0,96846.9394236071,15,4,37.0331749990326,0,1,1,1
"1108",39,0,141979.626398303,3,3,13.4171206584155,0,1,0,0
"1109",49,1,138198.626762003,19,0,58.1243216109114,0,1,0,0
"1110",49,0,34043.3480369899,9,3,6.29950563611068,0,2,0,0
"1111",58,0,134850.419188188,12,0,33.3780116965177,0,3,1,1
"1112",31,1,47872.8427891114,5,3,40.8776647469824,1,2,1,0
"1113",47,1,145165.346419623,2,0,12.1501539382993,0,0,0,0
"1114",25,1,96745.1997596405,5,1,37.8226917826936,0,0,0,0
"1115",45,1,46170.5740169163,9,2,27.3602369139845,0,0,0,0
"1116",41,1,112003.775534779,18,0,12.1837750036795,1,3,1,1
"1117",42,1,68609.7361116658,12,3,23.3963620304516,1,5,1,1
"1118",20,1,123037.36511749,10,3,48.1379651622307,0,2,1,0
"1119",41,1,64051.8844140377,18,0,16.1529722257859,1,0,0,0
"1120",32,1,43609.8158083583,12,4,40.3250240753376,1,5,1,0
"1121",61,1,83180.0641936884,8,3,20.3370863278716,1,3,1,1
"1122",66,0,69966.1550081375,7,1,14.8014464259837,0,3,0,0
"1123",65,0,124199.824544789,14,3,59.6917223198605,0,5,1,0
"1124",62,1,86645.1179088569,6,2,58.7215176529576,1,1,1,0
"1125",36,0,27738.2110452103,1,0,22.334831787098,0,0,0,0
"1126",28,1,91055.0284641983,20,2,47.9619402864358,1,3,1,0
"1127",42,0,74762.2469282294,15,3,21.3706085713661,0,2,0,0
"1128",25,1,141280.232134057,0,4,18.0415254541733,0,1,0,0
"1129",22,1,69467.3022830863,20,2,22.8472909200377,1,0,1,1
"1130",68,0,52087.1029962473,2,0,59.0198460071738,0,3,0,0
"1131",66,1,141127.983526266,0,1,1.12886442857768,0,3,0,0
"1132",28,0,143620.717285331,0,4,25.5815262074113,0,3,0,0
"1133",25,0,99811.366018808,4,2,13.385164699135,0,4,0,0
"1134",54,0,86646.8043743341,10,0,12.7416663704961,0,2,0,0
"1135",39,0,143600.452005074,19,1,5.72107791570308,1,5,1,1
"1136",43,0,144286.128669551,5,4,38.3914911442298,0,4,0,0
"1137",56,1,69481.0281519554,17,0,11.065466352677,0,0,0,0
"1138",65,0,140429.738874911,18,2,39.9598140003335,0,4,1,1
"1139",24,1,146187.950903267,13,4,39.5905756243891,1,1,0,0
"1140",18,1,111861.883084232,5,2,31.0275650795479,1,3,0,0
"1141",56,1,108429.611297086,20,2,29.5309005565282,0,1,0,0
"1142",62,0,83471.3478128312,0,4,41.6756108984082,0,4,0,0
"1143",68,0,124514.605981828,5,3,38.1624716108076,0,4,0,0
"1144",37,1,111293.639584116,18,0,31.7809962806482,0,4,1,1
"1145",67,0,40127.7196377036,16,4,51.1753397730567,0,5,1,0
"1146",24,1,82795.1606826557,13,0,35.9859793570785,1,3,1,1
"1147",34,0,21573.405180894,0,4,16.7627504926914,1,5,0,0
"1148",26,1,98453.3966575391,7,2,37.0573498694635,0,0,1,1
"1149",46,1,34428.6309977525,12,1,11.8816762444716,1,1,0,0
"1150",38,1,23355.5479034333,12,3,51.6414954750746,0,5,1,0
"1151",18,1,111861.883084232,5,2,31.0275650795479,1,3,0,0
"1152",34,1,146881.797026298,2,3,11.4556883558487,0,4,0,0
"1153",66,0,127577.459873819,14,4,26.1806319594412,0,5,0,0
"1154",47,1,145909.853120986,14,2,18.1317245366752,0,3,1,1
"1155",33,1,53713.5366512223,10,3,8.41664848421483,0,1,0,0
"1156",30,0,108025.683165551,0,0,59.5649073587193,1,4,1,0
"1157",65,1,28899.6335133651,1,0,1.17179135219354,0,1,0,0
"1158",62,1,87062.0473526027,7,0,21.1278102233613,0,3,0,0
"1159",40,1,127575.821583519,2,0,35.5506459025309,0,0,0,0
"1160",28,0,64992.9644499121,17,1,21.5191617798843,0,1,0,0
"1161",30,1,131433.303409838,1,4,8.40934405989948,0,0,0,0
"1162",43,0,76162.4605872858,10,1,39.7145631371385,0,1,1,1
"1163",19,1,140799.646972141,17,1,41.4268857724221,0,5,1,0
"1164",40,1,72373.5267422428,9,2,30.451020162497,1,0,1,1
"1165",42,1,35733.2500630751,10,4,5.15391638174834,1,0,0,0
"1166",24,1,46036.6623227914,11,1,42.3268370600371,0,1,0,0
"1167",63,0,79701.1840876045,7,2,44.7793246609059,0,4,1,0
"1168",39,1,55921.484100561,17,4,33.4162881250224,1,0,0,0
"1169",19,1,52289.869136617,4,3,35.858136618835,1,4,0,0
"1170",27,1,149716.711238657,16,3,48.0428715333478,0,3,1,0
"1171",30,0,147553.118779098,7,3,41.2217661743282,0,2,1,0
"1172",57,0,131153.926210592,20,3,31.1690062979718,1,1,1,1
"1173",63,1,144383.976012957,20,4,52.2100318781257,1,0,1,0
"1174",66,0,73432.739784521,10,4,47.5477623121607,0,4,1,0
"1175",42,0,48710.8617851912,13,4,53.0501384963924,0,0,0,0
"1176",33,1,124648.5699585,4,4,22.2875723713022,1,3,1,1
"1177",51,0,98454.1024856392,4,0,22.0399258595888,0,2,0,0
"1178",28,1,98382.57394233,16,4,41.4153591131275,0,0,1,0
"1179",27,0,87789.7530337913,11,3,17.7488127138521,0,1,0,0
"1180",70,1,77257.3755406151,7,3,25.8691597681071,0,5,0,0
"1181",30,0,87268.0257281554,12,3,6.6196871043993,0,4,1,1
"1182",60,0,127807.283911178,17,0,44.6823195195202,0,4,1,0
"1183",39,0,134650.608579604,3,3,40.4866819547758,1,5,1,0
"1184",18,1,138891.326300313,15,2,21.5769135963692,1,4,1,1
"1185",23,1,45458.3009374551,3,3,33.4102555459749,0,3,0,0
"1186",37,1,72468.1303070069,2,2,10.3765612438061,0,4,1,1
"1187",66,1,46693.282031884,14,3,19.0332613133348,0,3,1,1
"1188",56,1,72387.423239471,16,2,5.42264256473077,0,2,0,0
"1189",22,0,34919.9533429983,15,0,25.007007452047,0,3,0,0
"1190",65,0,124343.630273442,16,2,21.7514865693935,0,5,0,0
"1191",26,0,138229.099421841,12,4,54.4551251916174,0,1,1,0
"1192",53,0,108115.716040306,11,3,18.3815966434869,1,4,1,1
"1193",49,0,21612.5247160509,3,0,8.50626832928363,0,3,0,0
"1194",61,1,90303.1881481208,7,1,57.6889356077311,0,3,1,0
"1195",20,0,143199.443375381,14,4,39.7520986342185,0,4,1,1
"1196",60,0,56120.8608916626,12,2,52.7929913499773,0,0,0,0
"1197",47,0,142815.7136418,3,3,25.4452938271923,1,2,1,1
"1198",67,1,97696.8767513514,11,2,52.3696166246449,0,5,1,0
"1199",70,1,59690.3879705751,2,0,46.6168938130706,0,4,0,0
"1200",68,1,60677.9612477743,0,2,58.1691038628557,1,4,1,0
"1201",61,0,71826.1936104007,11,2,6.72407487598828,0,5,0,0
"1202",18,0,59728.5480137279,14,0,44.3266520847825,1,1,1,0
"1203",46,1,133864.800857217,14,2,24.6017485231912,1,1,0,0
"1204",19,0,145726.459983692,10,0,37.7158757653675,0,0,1,1
"1205",22,1,99634.5508848265,17,0,14.0432216160255,0,5,1,1
"1206",49,0,145634.260162633,7,4,7.20795375905201,0,4,0,0
"1207",45,1,79870.1346456382,8,4,28.5540541247828,0,4,0,0
"1208",22,1,26497.2737257582,6,0,17.469503860116,0,2,0,0
"1209",67,1,21081.592489535,3,1,48.4851362204919,0,4,1,0
"1210",41,1,27551.9537704455,14,4,7.88465807621809,0,2,0,0
"1211",29,1,26264.1816111285,10,0,14.0058352086642,1,1,0,0
"1212",70,0,29828.6552801776,14,3,44.8543740382205,0,3,0,0
"1213",65,1,81396.6345411876,20,0,45.2660379388345,0,2,0,0
"1214",37,0,105301.038898539,3,1,53.3355219223708,0,2,0,0
"1215",29,1,128078.556870142,12,0,42.2636997182547,0,4,1,0
"1216",58,0,64879.00856422,17,4,57.348728040448,0,4,1,0
"1217",56,1,24884.241751858,14,3,34.2927266022725,1,1,0,0
"1218",52,1,119368.446088826,6,2,54.4621146315213,0,4,1,0
"1219",35,1,66515.8309347614,5,4,16.4224416770633,0,0,0,0
"1220",20,1,99727.9190353593,1,1,49.4295739655862,0,1,1,0
"1221",50,0,74383.4023332964,13,1,52.0953682501569,0,2,0,0
"1222",54,1,30322.8560035938,10,1,5.66548523762224,1,4,0,0
"1223",46,0,68222.3310605095,4,1,48.6446390684816,1,5,1,0
"1224",35,0,51093.4135480703,11,3,59.0008172772744,1,3,1,0
"1225",64,0,23067.3454039188,4,0,47.1340222075043,0,0,0,0
"1226",44,0,36622.6841589143,11,0,25.2072753736928,0,1,0,0
"1227",23,0,126812.796702361,15,1,17.1756782226657,0,1,0,0
"1228",34,0,30624.2949470812,19,3,38.4806342541858,0,5,1,1
"1229",45,1,23275.1438146998,19,4,12.8372933186478,1,3,0,0
"1230",54,1,25129.7392758169,20,2,57.3463522570884,0,3,0,0
"1231",26,0,107451.389247157,19,1,39.9020858494518,1,1,1,1
"1232",28,0,39105.1522464673,10,1,36.9716546137245,0,4,1,1
"1233",21,0,81251.8268612659,11,4,6.70179446572741,0,2,0,0
"1234",36,1,44907.0829455273,19,0,47.6084955009896,0,1,0,0
"1235",69,0,32088.7831770072,14,1,9.47366130606016,0,1,0,0
"1236",31,1,38101.8982452874,19,4,27.9340224651504,0,5,0,0
"1237",41,1,30478.1967884262,2,2,36.2603139522651,0,3,0,0
"1238",54,0,67832.297669271,17,3,59.3209385847215,0,1,0,0
"1239",69,0,126181.330645733,1,2,4.21620150474069,0,0,0,0
"1240",51,1,125070.577301199,7,1,15.8917011815869,0,3,0,0
"1241",27,0,65252.4271118774,19,2,56.7233575850402,1,5,1,0
"1242",41,1,49727.9813484691,14,2,30.3937244541394,1,2,0,0
"1243",57,0,115636.204851095,7,4,2.6992696522446,0,5,0,0
"1244",43,0,129388.181901019,14,0,32.2267794404718,1,3,1,1
"1245",55,1,86155.7722268373,15,4,7.25941499716164,0,4,0,0
"1246",32,1,105104.589292574,6,1,36.3341025906817,1,0,1,1
"1247",37,0,74954.7227962112,15,3,3.91162425814785,0,0,0,0
"1248",64,0,92958.9624767282,19,3,31.0403199681936,0,3,1,1
"1249",69,0,21638.9775968487,4,2,18.5168447818145,1,2,0,0
"1250",21,0,144531.43573738,19,0,35.5481163163494,1,4,1,1
"1251",40,0,145714.585783299,15,4,17.8098819005937,0,3,0,0
"1252",68,0,85400.9136013787,5,4,27.4959201678907,0,5,0,0
"1253",46,1,104305.626615429,8,4,28.6203745703734,1,4,1,1
"1254",50,0,53620.708535445,7,4,54.0424149763195,1,5,1,0
"1255",34,1,46489.6396865996,19,4,58.9887469534698,1,4,1,0
"1256",22,0,82842.9666765091,2,3,43.3680025394053,0,3,1,0
"1257",56,1,115299.268483858,1,1,35.1962069173478,1,5,1,1
"1258",60,0,84072.3959781681,4,4,23.1975333233103,0,2,0,0
"1259",50,0,51462.870397514,11,0,40.0196582527427,0,0,0,0
"1260",66,1,48478.9451832415,10,1,1.9260584301805,0,3,0,0
"1261",70,1,106116.421521139,1,0,53.3236132670648,1,5,1,0
"1262",46,0,95978.3582684654,20,3,16.3045845893094,0,0,1,1
"1263",41,1,108740.238759042,8,1,37.6985421397299,0,0,0,0
"1264",50,0,144881.506816716,10,4,36.8408334806056,1,5,1,1
"1265",23,0,129674.456326737,14,3,39.1355416152957,0,4,1,1
"1266",49,1,21213.1105775221,11,0,18.6738228572789,0,3,0,0
"1267",58,1,99027.6778317915,18,0,41.8583267529104,0,0,0,0
"1268",53,0,99329.2694320934,3,2,54.7919430521563,1,0,0,0
"1269",67,1,110466.885361944,17,0,43.1086692619257,0,1,0,0
"1270",33,0,60815.6732590559,9,3,19.5592849047145,0,3,1,1
"1271",45,1,81989.6508813162,14,0,2.39192609906696,0,5,0,0
"1272",40,1,110343.64155732,20,2,25.0658603049213,1,4,1,1
"1273",62,1,79704.4756325178,16,4,19.8833468862322,0,2,0,0
"1274",50,1,145159.885532917,14,1,21.3937591969697,1,0,0,0
"1275",52,0,57492.706916437,4,1,5.52668056790534,1,2,0,0
"1276",34,0,109403.865515973,11,3,25.4102409572395,1,3,1,1
"1277",68,0,147396.142816651,11,4,34.9003496555609,0,2,0,0
"1278",59,1,102717.876017302,9,0,21.6218452689945,0,5,0,0
"1279",31,0,128612.429346485,12,3,33.4361085246952,0,2,1,1
"1280",23,1,82526.4756851961,5,1,43.9211476017933,0,0,0,0
"1281",66,0,92049.4468371622,14,0,5.53094537291731,0,4,0,0
"1282",44,0,68075.723278333,9,0,33.9782411759522,1,2,1,1
"1283",45,0,78197.5453033544,20,2,25.1158820057031,1,1,0,0
"1284",31,0,76895.9726592665,10,3,16.57455566288,0,1,0,0
"1285",36,1,74837.6632100481,18,2,19.6176549921435,0,3,1,1
"1286",50,0,49396.2930624573,14,4,59.8935082141894,1,5,1,0
"1287",42,0,25934.3369153099,10,0,22.7940787028517,1,4,0,0
"1288",66,0,43317.4086615874,3,2,51.8506337919327,0,3,0,0
"1289",46,1,123247.386131423,16,4,4.54640480862535,0,0,0,0
"1290",63,1,52441.0059804358,1,4,37.5060719649988,0,3,0,0
"1291",55,1,78034.5371322057,4,0,21.115920296914,1,1,0,0
"1292",32,0,60272.4216971829,18,3,7.27043218266161,1,3,1,1
"1293",68,0,111480.971351777,15,3,19.0775291033555,1,5,1,1
"1294",24,1,149332.62123207,8,2,1.70316099571628,0,0,0,0
"1295",57,1,117678.761183776,10,0,30.9359961400243,0,4,1,1
"1296",69,0,32893.1529463381,15,1,56.1900646424635,0,0,0,0
"1297",24,0,141252.366057259,8,4,19.2742616878147,1,3,1,1
"1298",60,1,76259.6943479042,4,1,5.11175110707706,0,3,0,0
"1299",40,0,91234.7335665801,10,1,50.4655786474392,0,1,0,0
"1300",35,1,104039.636412931,1,3,16.2451662243518,1,5,1,1
"1301",28,1,79064.9049987952,11,4,51.914878742053,1,1,0,0
"1302",66,1,48478.9451832415,10,1,1.9260584301805,0,3,0,0
"1303",20,0,68326.1083378229,19,2,13.5243734018454,0,2,0,0
"1304",34,0,91825.1257630256,15,4,22.2275753895338,1,1,1,1
"1305",57,1,76759.8446699396,3,1,11.2784298292121,0,2,0,0
"1306",20,0,82785.9533710962,14,2,5.0891586092594,0,4,1,1
"1307",32,1,25453.6590461127,15,3,28.674524919017,0,1,0,0
"1308",41,1,65461.4198669604,0,1,50.1289310346158,1,0,0,0
"1309",68,0,147396.142816651,11,4,34.9003496555609,0,2,0,0
"1310",42,0,54021.7388856678,18,3,1.04411479386133,1,2,0,0
"1311",44,0,49607.4656934172,5,4,13.3344295980711,0,5,0,0
"1312",21,1,123108.573619576,11,3,3.45699731805884,0,1,0,0
"1313",41,0,27063.1645269775,8,0,4.8820948499191,0,0,0,0
"1314",40,0,114116.497210592,7,3,30.5171406020126,1,5,1,1
"1315",52,0,105978.179439154,8,0,54.7863419088001,0,4,1,0
"1316",44,0,120702.391482912,7,2,41.3545326649933,0,3,1,0
"1317",34,1,57148.5821970518,20,2,54.2968243848396,0,4,1,0
"1318",65,1,87154.4416979773,7,0,7.49839469221902,0,3,0,0
"1319",63,1,147568.621764642,18,2,51.4547553533169,0,4,1,0
"1320",51,0,49533.3424130569,8,3,55.1485864971719,0,5,0,0
"1321",69,1,63486.4675364512,16,2,56.7841967730105,1,3,1,0
"1322",29,1,144164.976947921,8,0,9.4961902112695,1,2,1,1
"1323",38,0,21860.9860967178,0,4,20.8443978762193,0,4,0,0
"1324",23,1,90490.8367139403,8,0,15.1206049062942,1,1,1,1
"1325",28,0,59880.9579378784,6,1,51.6716534214414,1,3,1,0
"1326",67,0,33135.9554313841,14,1,30.5613739820916,0,4,0,0
"1327",66,0,33767.7545724885,3,3,54.2669291151219,0,0,1,0
"1328",33,1,129552.547280872,16,0,17.4813662649424,0,5,1,1
"1329",45,0,83010.5173269061,2,3,13.2010628866045,1,0,0,0
"1330",37,1,37352.3964140727,10,3,35.1148844921741,0,5,1,1
"1331",35,0,97769.288228286,1,2,37.9794606456161,1,2,1,1
"1332",47,0,63974.7757792848,12,0,50.5611110833212,0,5,1,0
"1333",69,1,95685.8370572348,8,0,57.7351527475637,0,4,1,0
"1334",29,1,51136.32208824,16,1,35.6994378626034,0,0,1,1
"1335",43,1,46739.3440854222,10,3,37.2073080759959,1,1,0,0
"1336",42,1,103574.648307632,5,2,32.1379618548504,1,3,1,1
"1337",37,1,112875.141329261,1,4,20.0684607415853,0,1,0,0
"1338",26,0,123071.074474399,11,0,16.2089308040355,0,5,1,1
"1339",52,1,133580.817150625,15,4,44.0234459615503,1,2,1,0
"1340",26,1,53107.1808659867,14,1,48.7424934157477,1,3,1,0
"1341",47,1,49291.2008936606,13,4,1.28723605167469,0,4,0,0
"1342",29,1,26264.1816111285,10,0,14.0058352086642,1,1,0,0
"1343",67,1,102433.524078923,8,2,34.424571769682,1,5,1,1
"1344",42,1,45381.278384344,3,0,51.4496247722116,0,3,0,0
"1345",42,0,25934.3369153099,10,0,22.7940787028517,1,4,0,0
"1346",46,1,52107.24387936,10,0,36.0540470971755,0,5,1,1
"1347",49,0,66513.7744923074,0,0,46.0258534069881,0,2,0,0
"1348",22,0,121637.102234842,2,3,7.8148461032315,0,5,0,0
"1349",19,1,42729.0215438536,0,4,35.7135756638417,0,3,0,0
"1350",58,1,99027.6778317915,18,0,41.8583267529104,0,0,0,0
"1351",41,0,129313.30532537,12,3,40.6970697053054,0,1,0,0
"1352",52,0,129451.363682935,13,0,23.5912778281975,0,5,0,0
"1353",51,0,28119.4871704793,13,3,26.9820791584874,0,1,0,0
"1354",37,0,45600.3415789457,0,3,31.866322047553,0,0,0,0
"1355",44,0,65435.8283712864,17,2,18.0767457137713,0,1,0,0
"1356",38,0,87431.1292694774,0,4,43.597005670147,1,2,1,0
"1357",25,0,122206.734793938,10,2,52.4969838150459,0,5,1,0
"1358",66,0,119516.676868844,9,3,42.3675089780326,0,5,1,0
"1359",57,1,31518.6128160583,7,3,5.45646288025755,0,1,0,0
"1360",66,1,117622.173787231,10,0,11.1579526246063,0,4,0,0
"1361",62,0,105931.853052152,14,2,48.2090062551133,0,3,1,0
"1362",29,1,122498.154622929,12,2,18.1313512366342,0,5,1,1
"1363",49,0,83391.6152567374,15,3,37.4541326103102,0,0,0,0
"1364",40,1,98921.645233438,15,4,30.8158664260317,1,1,1,1
"1365",50,1,95764.8885608536,12,0,52.9291292417053,0,5,1,0
"1366",62,0,79728.0798927783,0,1,31.2572863836734,1,2,0,0
"1367",46,1,133864.800857217,14,2,24.6017485231912,1,1,0,0
"1368",69,0,56721.4154281005,16,1,56.5316669531204,1,2,1,0
"1369",63,0,85623.4277795887,18,0,11.6575651785376,0,1,0,0
"1370",46,0,148031.592359122,19,2,32.592763900889,0,4,1,1
"1371",61,1,85342.061541917,9,1,28.5971718471052,0,3,0,0
"1372",54,1,28273.3182072635,14,3,38.6626538427131,1,4,1,1
"1373",40,0,49200.0295397008,1,4,6.12019428983444,0,2,0,0
"1374",54,1,117167.77285757,3,2,19.0364260128188,1,4,0,0
"1375",30,1,132019.817492355,19,3,19.2820733151006,1,4,1,1
"1376",61,1,126478.256802015,9,1,37.3547949475432,0,4,1,1
"1377",32,0,61031.5546892355,11,4,17.7099259447704,0,3,1,1
"1378",52,1,135258.547981261,4,1,31.3273788227141,0,1,0,0
"1379",55,1,100546.613869779,6,4,9.12631183438071,1,3,1,1
"1380",30,0,47756.4776203873,4,0,6.80235037382257,0,4,0,0
"1381",56,0,68381.7130988767,12,4,14.9741187651962,0,5,0,0
"1382",38,0,89214.6886957782,5,2,9.81673925257936,0,3,0,0
"1383",46,0,55076.6936166679,5,4,45.4180010303917,1,1,0,0
"1384",64,1,62207.8704957078,2,0,41.9379265506682,0,0,0,0
"1385",50,1,44510.2787474026,17,1,20.2164304830844,0,5,1,1
"1386",68,1,131240.49219888,7,3,19.4951642309406,1,2,0,0
"1387",52,0,104713.168862046,15,4,33.6842270428182,0,2,0,0
"1388",68,0,28970.9870396661,13,1,36.6008485209945,1,2,0,0
"1389",51,0,89590.3170888369,8,1,7.45996738071327,1,4,1,1
"1390",53,1,59381.0177332558,4,4,34.3256447663282,1,3,1,1
"1391",21,0,28144.9164491961,16,2,38.5880674424282,0,3,1,1
"1392",27,1,101233.63294891,9,0,50.2590662734991,1,2,1,0
"1393",41,1,81882.3568179396,7,2,45.7950997997627,0,2,0,0
"1394",56,0,123728.840750066,9,1,3.92124515243532,1,1,0,0
"1395",45,0,149200.290556961,7,3,59.9608405190268,0,1,0,0
"1396",19,0,34496.5876017659,13,1,39.7040799245334,1,2,1,1
"1397",64,1,90031.2337338528,4,4,9.72329383388064,0,4,0,0
"1398",45,0,130580.087519348,17,1,6.92699543117714,1,2,0,0
"1399",47,0,52630.179824099,13,0,11.4949079321771,1,5,1,1
"1400",66,1,77089.4761623873,3,4,51.0935817915372,1,2,0,0
"1401",49,0,70394.3447092341,15,3,32.6879238798161,1,5,1,1
"1402",70,1,144468.242474953,11,4,46.7207798660513,0,2,0,0
"1403",40,1,59617.6424001973,2,0,16.7840947846522,1,2,0,0
"1404",57,1,103279.973861355,1,1,2.46671143903186,0,2,0,0
"1405",45,1,33736.4089540267,15,4,58.8816468730135,0,1,0,0
"1406",38,1,111330.265199525,15,4,22.2084126893827,1,2,1,1
"1407",49,1,94366.3236380091,6,3,6.95555590782753,1,1,0,0
"1408",50,1,39355.4465432178,5,4,4.64398079112178,1,3,0,0
"1409",47,1,58009.8043535851,1,4,8.99417661680184,0,4,0,0
"1410",53,1,135718.347861482,3,2,43.7387950038846,0,1,0,0
"1411",21,1,115255.351722201,17,4,42.8385042976703,0,0,0,0
"1412",62,0,147857.791452979,5,0,20.0831284509116,1,4,0,0
"1413",27,1,58355.2919950403,11,2,17.9427211427029,1,2,1,1
"1414",53,1,90593.1959144962,16,1,19.3604895304365,1,2,0,0
"1415",69,1,96162.4224989575,17,3,33.2767164641881,0,3,1,1
"1416",34,1,145323.750131517,2,4,51.0604503860906,0,3,1,0
"1417",38,0,38203.1326819313,1,4,10.412857444617,1,0,0,0
"1418",30,0,22281.8072376618,12,2,46.3773568669306,1,3,1,0
"1419",44,0,131015.055704205,17,1,34.1248642980543,1,4,1,1
"1420",22,0,69652.1531548765,2,4,13.1316677742611,0,1,0,0
"1421",60,0,105455.952682117,2,4,44.8725485360765,1,1,0,0
"1422",22,0,141716.48079096,17,2,41.6049162450564,1,1,1,0
"1423",57,0,55629.3066144848,8,1,30.9430365736906,1,3,1,1
"1424",64,1,74145.5761475043,15,1,58.7765341928665,1,5,1,0
"1425",18,1,54909.388288789,18,4,32.7233277835509,0,4,1,1
"1426",31,1,82515.7190583912,1,0,35.8867677864714,1,1,1,1
"1427",36,0,87788.3731416944,14,1,37.3962006019457,0,1,1,1
"1428",69,1,74931.2956805528,20,0,17.8793053998444,0,0,0,0
"1429",60,1,87787.9395756666,7,0,37.6128539743841,1,5,1,1
"1430",50,1,24024.2528195147,11,2,22.4090832027111,0,5,0,0
"1431",18,0,67898.3595891553,2,0,51.9423708567843,0,1,0,0
"1432",46,1,59820.7548411676,18,2,4.00035199451345,0,3,0,0
"1433",25,1,136978.334939345,10,2,11.7162538908505,0,4,1,1
"1434",70,0,131563.016910431,5,3,1.93929576850512,0,2,0,0
"1435",45,0,72980.594034216,3,1,23.3417783883942,0,3,0,0
"1436",20,0,73251.7563363802,19,3,57.9014985945109,1,5,1,0
"1437",68,0,28970.9870396661,13,1,36.6008485209945,1,2,0,0
"1438",29,0,77530.9169259169,10,1,56.0335055144596,0,3,0,0
"1439",66,1,56488.8180170767,13,3,30.9573769598972,0,3,1,1
"1440",54,0,121892.931983102,10,1,48.5242667159024,0,3,1,0
"1441",69,0,116017.669557203,9,4,1.0944700653927,0,2,0,0
"1442",60,0,111906.943369243,15,4,9.56827617499969,0,0,0,0
"1443",24,1,76365.7630422399,4,3,22.7702691468076,1,3,1,1
"1444",61,0,58943.5381340036,12,2,37.7201799569173,1,1,1,1
"1445",35,0,137813.095467735,13,1,43.4387359324817,0,5,1,0
"1446",47,0,123287.020783797,6,0,36.6313061760714,0,0,0,0
"1447",66,0,114751.987495093,17,3,10.0838310813237,0,4,0,0
"1448",51,0,49383.76971608,1,0,29.7183118527866,1,1,0,0
"1449",70,0,89340.2617394971,7,2,38.1359989559089,0,3,1,1
"1450",57,1,127579.926423694,16,2,41.3435038525026,1,3,1,0
"1451",48,1,90290.8019638383,20,4,44.3507980421133,0,5,1,0
"1452",20,0,106292.659202827,17,3,3.99735279164759,0,4,1,1
"1453",29,1,21521.8593950175,3,0,33.8534829867242,0,2,0,0
"1454",58,1,82930.0190623262,14,2,12.8517536282735,0,4,0,0
"1455",52,0,46177.2916776767,7,1,38.3520224632781,0,4,0,0
"1456",70,0,106972.903852784,4,3,42.4419165861059,1,2,0,0
"1457",33,0,142424.34251046,3,1,23.6425750206671,0,0,0,0
"1458",57,1,40445.517063363,10,3,56.2630169704962,0,2,0,0
"1459",50,0,92885.8122741022,0,4,4.72780271475336,0,2,0,0
"1460",18,0,99007.7758928539,10,1,16.2635991491329,0,3,1,1
"1461",40,1,76472.4314708593,6,1,53.8806115776635,0,4,0,0
"1462",67,1,110466.885361944,17,0,43.1086692619257,0,1,0,0
"1463",23,1,81595.2776917331,8,0,31.9455338789196,1,1,1,1
"1464",41,1,28095.5037646451,10,2,25.0683312837026,0,0,0,0
"1465",22,1,59164.4838988,12,1,30.1190759157777,0,3,1,1
"1466",19,0,21019.4068003492,20,0,12.6821787881457,0,4,0,0
"1467",31,1,91982.4930965414,8,3,15.0116764993698,0,3,1,1
"1468",68,0,80311.2232694837,14,2,19.0800978564643,0,3,0,0
"1469",69,1,27975.4515243869,18,4,4.36856593656868,0,0,0,0
"1470",60,0,135733.546892314,1,3,46.1095275618064,1,3,1,0
"1471",29,0,75955.5633417287,17,2,2.62076318826611,0,4,1,1
"1472",62,0,70250.2658869936,16,0,39.0901564922387,0,5,1,1
"1473",42,1,133175.195255981,15,4,5.75951627607946,0,5,0,0
"1474",55,0,101221.902162622,14,2,39.3471737917875,1,5,1,1
"1475",33,1,105058.031802245,19,0,36.8589278778063,1,0,1,1
"1476",54,1,30682.3167719356,18,1,28.0104910209932,1,2,0,0
"1477",22,1,113951.90450077,2,0,18.6556567363495,0,1,0,0
"1478",29,0,112824.243780691,20,4,53.4363965412661,0,4,1,0
"1479",35,1,97367.1177377386,14,2,40.0645977226826,0,1,1,0
"1480",24,0,125414.215531029,11,4,19.450084413346,0,4,1,1
"1481",39,0,34204.3473402508,17,3,27.134109634128,0,5,0,0
"1482",49,0,95780.3873845542,18,0,21.8609322943042,1,2,1,1
"1483",32,1,35979.6882005004,11,1,43.8519065217603,0,4,1,0
"1484",55,0,81936.8082246929,6,1,56.943711897841,1,4,1,0
"1485",68,0,80311.2232694837,14,2,19.0800978564643,0,3,0,0
"1486",21,1,120794.999552408,10,0,7.63077000520002,0,2,0,0
"1487",28,1,141304.733074663,0,1,17.3515167605282,0,1,0,0
"1488",41,0,116615.115835108,19,2,32.1560167749927,0,1,0,0
"1489",22,0,55799.5526532044,9,4,54.2786445360759,1,1,1,0
"1490",19,0,26090.7481085884,0,2,53.5875222007809,0,4,0,0
"1491",18,1,83126.6609557217,20,3,2.28030562125696,0,1,0,0
"1492",30,0,71611.9553608349,20,1,38.6816855311039,0,5,1,1
"1493",63,0,71874.5912935165,10,2,43.5462426107712,0,1,0,0
"1494",34,1,20418.3742685562,9,1,54.4599547921451,0,0,0,0
"1495",34,1,104649.186034618,14,1,28.9981166593548,0,1,0,0
"1496",39,1,65048.1418338534,13,0,34.5907432825263,0,5,1,1
"1497",67,1,28775.3310688969,18,2,17.6257072030467,0,1,1,1
"1498",40,1,57363.2475405254,7,4,12.2060332075912,0,0,0,0
"1499",63,0,134021.775532365,16,2,37.31163380268,1,0,1,1
"1500",50,0,52625.6659742387,13,0,25.3480166543698,1,4,1,1
